{
  "httpCode": 200,
  "result": [{
    "id": "0592b2d719eb43b181b4ad76b3ad16c7",
    "createTime": 1534991126000,
    "updateTime": null,
    "deleted": false,
    "childer": null,
    "sorting": null,
    "idView": "37",
    "name": "手链",
    "describes": null,
    "pid": "4b7d84a278d74bcf81f6488b9a7febf6",
    "lev": "00070013",
    "groups": null,
    "isGroup": null,
    "typeId": "",
    "sellerId": "admin",
    "commissionRatio": 1,
    "isNoVirtual": false,
    "image": "https://gtmall.oss-cn-beijing.aliyuncs.com/platform/image/imageAA.png",
    "wapImage": "https://gtmall.oss-cn-beijing.aliyuncs.com/platform/image/imageAA.png",
    "wapColor": "",
    "status": null,
    "isRecommend": null,
    "sales": null,
    "amount": null,
    "salePerCustomer": null
  }, {
    "id": "08ebeca571254da4b0219122af07e456",
    "createTime": 1534991141000,
    "updateTime": null,
    "deleted": false,
    "childer": null,
    "sorting": null,
    "idView": "38",
    "name": "耳坠",
    "describes": null,
    "pid": "4b7d84a278d74bcf81f6488b9a7febf6",
    "lev": "00070014",
    "groups": null,
    "isGroup": null,
    "typeId": "",
    "sellerId": "admin",
    "commissionRatio": 1,
    "isNoVirtual": false,
    "image": "https://gtmall.oss-cn-beijing.aliyuncs.com/platform/image/imageAA.png",
    "wapImage": "https://gtmall.oss-cn-beijing.aliyuncs.com/platform/image/imageAA.png",
    "wapColor": "",
    "status": null,
    "isRecommend": null,
    "sales": null,
    "amount": null,
    "salePerCustomer": null
  }, {
    "id": "0f92e1f033f74c409d4351dc0e9740b3",
    "createTime": 1534991359000,
    "updateTime": null,
    "deleted": false,
    "childer": null,
    "sorting": null,
    "idView": "48",
    "name": "饮料",
    "describes": null,
    "pid": "8aaff479111944a99edaf422429da3de",
    "lev": "00110002",
    "groups": null,
    "isGroup": null,
    "typeId": "",
    "sellerId": "admin",
    "commissionRatio": 1,
    "isNoVirtual": false,
    "image": "https://gtmall.oss-cn-beijing.aliyuncs.com/platform/image/imageAA.png",
    "wapImage": "https://gtmall.oss-cn-beijing.aliyuncs.com/platform/image/imageAA.png",
    "wapColor": "",
    "status": null,
    "isRecommend": null,
    "sales": null,
    "amount": null,
    "salePerCustomer": null
  }, {
    "id": "1129a9558cd5421a950f29cac318db6c",
    "createTime": 1532423775000,
    "updateTime": 1534931815000,
    "deleted": false,
    "childer": null,
    "sorting": null,
    "idView": "21",
    "name": "护肤",
    "describes": null,
    "pid": "ba40c849fdec4f3a9845b3906d22cdf7",
    "lev": "00040004",
    "groups": null,
    "isGroup": null,
    "typeId": "",
    "sellerId": "admin",
    "commissionRatio": 1,
    "isNoVirtual": false,
    "image": "https://gtmall.oss-cn-beijing.aliyuncs.com/platform/image/imageAA.png",
    "wapImage": "https://gtmall.oss-cn-beijing.aliyuncs.com/platform/image/imageAA.png",
    "wapColor": "",
    "status": null,
    "isRecommend": null,
    "sales": null,
    "amount": null,
    "salePerCustomer": null
  }, {
    "id": "12a8a8ed61354faaa694329630bcf080",
    "createTime": 1534931972000,
    "updateTime": null,
    "deleted": false,
    "childer": null,
    "sorting": null,
    "idView": "11",
    "name": "发胶",
    "describes": null,
    "pid": "75cf16af83ca4899b6d89cc8f327b417",
    "lev": "00040008",
    "groups": null,
    "isGroup": null,
    "typeId": "",
    "sellerId": "admin",
    "commissionRatio": 1,
    "isNoVirtual": false,
    "image": "https://gtmall.oss-cn-beijing.aliyuncs.com/platform/image/imageAA.png",
    "wapImage": "https://gtmall.oss-cn-beijing.aliyuncs.com/platform/image/imageAA.png",
    "wapColor": "",
    "status": null,
    "isRecommend": null,
    "sales": null,
    "amount": null,
    "salePerCustomer": null
  }, {
    "id": "14e950b371a2420da112fdd875494eaa",
    "createTime": 1535451359000,
    "updateTime": null,
    "deleted": false,
    "childer": null,
    "sorting": null,
    "idView": "61",
    "name": "50点券",
    "describes": null,
    "pid": "e5f5f0039f004b298392f4a30a07d2a7",
    "lev": "00150004",
    "groups": null,
    "isGroup": null,
    "typeId": "",
    "sellerId": "admin",
    "commissionRatio": null,
    "isNoVirtual": false,
    "image": "https://gtmall.oss-cn-beijing.aliyuncs.com/platform/image/imageAA.png",
    "wapImage": "https://gtmall.oss-cn-beijing.aliyuncs.com/platform/image/imageAA.png",
    "wapColor": "",
    "status": null,
    "isRecommend": null,
    "sales": null,
    "amount": null,
    "salePerCustomer": null
  }, {
    "id": "15ae5f9d7b744ed79b7beaf6a35fb43f",
    "createTime": 1534931940000,
    "updateTime": null,
    "deleted": false,
    "childer": null,
    "sorting": null,
    "idView": "10",
    "name": "祛痘",
    "describes": null,
    "pid": "75cf16af83ca4899b6d89cc8f327b417",
    "lev": "00040007",
    "groups": null,
    "isGroup": null,
    "typeId": "",
    "sellerId": "admin",
    "commissionRatio": 1,
    "isNoVirtual": false,
    "image": "https://gtmall.oss-cn-beijing.aliyuncs.com/platform/image/imageAA.png",
    "wapImage": "https://gtmall.oss-cn-beijing.aliyuncs.com/platform/image/imageAA.png",
    "wapColor": "",
    "status": null,
    "isRecommend": null,
    "sales": null,
    "amount": null,
    "salePerCustomer": null
  }, {
    "id": "1a1cb84d190d43c383a0c158fa42acb8",
    "createTime": 1535450964000,
    "updateTime": null,
    "deleted": false,
    "childer": null,
    "sorting": null,
    "idView": "59",
    "name": "红牛",
    "describes": null,
    "pid": "0f92e1f033f74c409d4351dc0e9740b3",
    "lev": "00110003",
    "groups": null,
    "isGroup": null,
    "typeId": "",
    "sellerId": "admin",
    "commissionRatio": null,
    "isNoVirtual": false,
    "image": "https://gtmall.oss-cn-beijing.aliyuncs.com/java/pic/admin/81418663-65ef-42e8-9a72-535962b2791a.jpg",
    "wapImage": "https://gtmall.oss-cn-beijing.aliyuncs.com/platform/image/imageAA.png",
    "wapColor": "",
    "status": null,
    "isRecommend": null,
    "sales": null,
    "amount": null,
    "salePerCustomer": null
  }, {
    "id": "1d9cec5c7b9a434bb624ffe87e056cf6",
    "createTime": 1534990550000,
    "updateTime": null,
    "deleted": false,
    "childer": null,
    "sorting": null,
    "idView": "32",
    "name": "情侣表",
    "describes": null,
    "pid": "ede0d6517f7f4ae1908b641980413f4f",
    "lev": "00070008",
    "groups": null,
    "isGroup": null,
    "typeId": "",
    "sellerId": "admin",
    "commissionRatio": 1,
    "isNoVirtual": false,
    "image": "https://gtmall.oss-cn-beijing.aliyuncs.com/platform/image/imageAA.png",
    "wapImage": "https://gtmall.oss-cn-beijing.aliyuncs.com/platform/image/imageAA.png",
    "wapColor": "",
    "status": null,
    "isRecommend": null,
    "sales": null,
    "amount": null,
    "salePerCustomer": null
  }, {
    "id": "25330ab3e3fb4287b3181f21a567667a",
    "createTime": 1530681963000,
    "updateTime": null,
    "deleted": false,
    "childer": null,
    "sorting": null,
    "idView": "5",
    "name": "空调",
    "describes": null,
    "pid": "b3d17a11cc9b4bb3b1386f80f23d14dc",
    "lev": "00020004",
    "groups": null,
    "isGroup": null,
    "typeId": "",
    "sellerId": "admin",
    "commissionRatio": 1,
    "isNoVirtual": false,
    "image": "https://gtmall.oss-cn-beijing.aliyuncs.com/platform/image/imageAA.png",
    "wapImage": "https://gtmall.oss-cn-beijing.aliyuncs.com/platform/image/imageAA.png",
    "wapColor": "",
    "status": null,
    "isRecommend": null,
    "sales": null,
    "amount": null,
    "salePerCustomer": null
  }, {
    "id": "2a89cd1633f24505a08c904c22e34237",
    "createTime": 1534991352000,
    "updateTime": null,
    "deleted": false,
    "childer": null,
    "sorting": null,
    "idView": "47",
    "name": "食品",
    "describes": null,
    "pid": "8aaff479111944a99edaf422429da3de",
    "lev": "00110001",
    "groups": null,
    "isGroup": null,
    "typeId": "",
    "sellerId": "admin",
    "commissionRatio": 1,
    "isNoVirtual": false,
    "image": "https://gtmall.oss-cn-beijing.aliyuncs.com/platform/image/imageAA.png",
    "wapImage": "https://gtmall.oss-cn-beijing.aliyuncs.com/platform/image/imageAA.png",
    "wapColor": "",
    "status": null,
    "isRecommend": null,
    "sales": null,
    "amount": null,
    "salePerCustomer": null
  }, {
    "id": "35606ad46c214ff1a7515d73cbcd6a7e",
    "createTime": 1534988995000,
    "updateTime": null,
    "deleted": false,
    "childer": null,
    "sorting": null,
    "idView": "23",
    "name": "相机",
    "describes": null,
    "pid": "2ad4529488314256be41639b772d8b71",
    "lev": "00010001",
    "groups": null,
    "isGroup": null,
    "typeId": "",
    "sellerId": "admin",
    "commissionRatio": 1,
    "isNoVirtual": false,
    "image": "https://gtmall.oss-cn-beijing.aliyuncs.com/java/pic/admin/da034507-41c8-43a0-aabb-a4eea4869367.jpg",
    "wapImage": "https://gtmall.oss-cn-beijing.aliyuncs.com/platform/image/imageAA.png",
    "wapColor": "",
    "status": null,
    "isRecommend": null,
    "sales": null,
    "amount": null,
    "salePerCustomer": null
  }, {
    "id": "3aeb346e90874eb18824fb826fdc6732",
    "createTime": 1534932038000,
    "updateTime": null,
    "deleted": false,
    "childer": null,
    "sorting": null,
    "idView": "14",
    "name": "卡券",
    "describes": null,
    "pid": "68cdcf74181341d4a3416c475d9e0c2b",
    "lev": "00030001",
    "groups": null,
    "isGroup": null,
    "typeId": "",
    "sellerId": "admin",
    "commissionRatio": 1,
    "isNoVirtual": false,
    "image": "https://gtmall.oss-cn-beijing.aliyuncs.com/platform/image/imageAA.png",
    "wapImage": "https://gtmall.oss-cn-beijing.aliyuncs.com/platform/image/imageAA.png",
    "wapColor": "",
    "status": null,
    "isRecommend": null,
    "sales": null,
    "amount": null,
    "salePerCustomer": null
  }, {
    "id": "4049efa092194e8fb1fc6fab32339089",
    "createTime": 1534990529000,
    "updateTime": null,
    "deleted": false,
    "childer": null,
    "sorting": null,
    "idView": "30",
    "name": "女表",
    "describes": null,
    "pid": "ede0d6517f7f4ae1908b641980413f4f",
    "lev": "00070006",
    "groups": null,
    "isGroup": null,
    "typeId": "",
    "sellerId": "admin",
    "commissionRatio": 1,
    "isNoVirtual": false,
    "image": "https://gtmall.oss-cn-beijing.aliyuncs.com/platform/image/imageAA.png",
    "wapImage": "https://gtmall.oss-cn-beijing.aliyuncs.com/platform/image/imageAA.png",
    "wapColor": "",
    "status": null,
    "isRecommend": null,
    "sales": null,
    "amount": null,
    "salePerCustomer": null
  }, {
    "id": "487d62c0fb4e4f27bf99d32fe90b53c5",
    "createTime": 1534990562000,
    "updateTime": null,
    "deleted": false,
    "childer": null,
    "sorting": null,
    "idView": "33",
    "name": "儿童表",
    "describes": null,
    "pid": "ede0d6517f7f4ae1908b641980413f4f",
    "lev": "00070009",
    "groups": null,
    "isGroup": null,
    "typeId": "",
    "sellerId": "admin",
    "commissionRatio": 1,
    "isNoVirtual": false,
    "image": "https://gtmall.oss-cn-beijing.aliyuncs.com/platform/image/imageAA.png",
    "wapImage": "https://gtmall.oss-cn-beijing.aliyuncs.com/platform/image/imageAA.png",
    "wapColor": "",
    "status": null,
    "isRecommend": null,
    "sales": null,
    "amount": null,
    "salePerCustomer": null
  }, {
    "id": "4ae90b0f16d44ec1a6a0ced60e0587ac",
    "createTime": 1534989023000,
    "updateTime": null,
    "deleted": false,
    "childer": null,
    "sorting": null,
    "idView": "24",
    "name": "旅行箱",
    "describes": null,
    "pid": "5094cfca9ae14742839e68f0785a94e3",
    "lev": "00040011",
    "groups": null,
    "isGroup": null,
    "typeId": "",
    "sellerId": "admin",
    "commissionRatio": 1,
    "isNoVirtual": false,
    "image": "https://gtmall.oss-cn-beijing.aliyuncs.com/java/pic/admin/b3565698-773a-47df-bf82-9f8be8ba595c.png",
    "wapImage": "https://gtmall.oss-cn-beijing.aliyuncs.com/platform/image/imageAA.png",
    "wapColor": "",
    "status": null,
    "isRecommend": null,
    "sales": null,
    "amount": null,
    "salePerCustomer": null
  }, {
    "id": "52ee1008413942ca8d56df7ae69a3026",
    "createTime": 1530682079000,
    "updateTime": null,
    "deleted": false,
    "childer": null,
    "sorting": null,
    "idView": "12",
    "name": "腕表",
    "describes": null,
    "pid": "93b592fb75484f10a9b8bd795f2e824c",
    "lev": "00010001",
    "groups": null,
    "isGroup": null,
    "typeId": "",
    "sellerId": "admin",
    "commissionRatio": 1,
    "isNoVirtual": false,
    "image": "https://gtmall.oss-cn-beijing.aliyuncs.com/platform/image/imageAA.png",
    "wapImage": "https://gtmall.oss-cn-beijing.aliyuncs.com/platform/image/imageAA.png",
    "wapColor": "",
    "status": null,
    "isRecommend": null,
    "sales": null,
    "amount": null,
    "salePerCustomer": null
  }, {
    "id": "559e3faf8b154e3cbef4e67183fac6ed",
    "createTime": 1530682126000,
    "updateTime": null,
    "deleted": false,
    "childer": null,
    "sorting": null,
    "idView": "16",
    "name": "钻石",
    "describes": null,
    "pid": "8e58fa3810ce413ab298733ca878db94",
    "lev": "00010005",
    "groups": null,
    "isGroup": null,
    "typeId": "",
    "sellerId": "admin",
    "commissionRatio": 1,
    "isNoVirtual": false,
    "image": "https://gtmall.oss-cn-beijing.aliyuncs.com/platform/image/imageAA.png",
    "wapImage": "https://gtmall.oss-cn-beijing.aliyuncs.com/platform/image/imageAA.png",
    "wapColor": "",
    "status": null,
    "isRecommend": null,
    "sales": null,
    "amount": null,
    "salePerCustomer": null
  }, {
    "id": "6200c1b6845b4e11855ab952d1694db3",
    "createTime": 1530682028000,
    "updateTime": null,
    "deleted": false,
    "childer": null,
    "sorting": null,
    "idView": "9",
    "name": "电风扇",
    "describes": null,
    "pid": "ee7b63eca1154726849f0ad0932886c8",
    "lev": "00020008",
    "groups": null,
    "isGroup": null,
    "typeId": "",
    "sellerId": "admin",
    "commissionRatio": 1,
    "isNoVirtual": false,
    "image": "https://gtmall.oss-cn-beijing.aliyuncs.com/platform/image/imageAA.png",
    "wapImage": "https://gtmall.oss-cn-beijing.aliyuncs.com/platform/image/imageAA.png",
    "wapColor": "",
    "status": null,
    "isRecommend": null,
    "sales": null,
    "amount": null,
    "salePerCustomer": null
  }, {
    "id": "75cf16af83ca4899b6d89cc8f327b417",
    "createTime": 1534931904000,
    "updateTime": null,
    "deleted": false,
    "childer": null,
    "sorting": null,
    "idView": "7",
    "name": "男士护理",
    "describes": null,
    "pid": "ba40c849fdec4f3a9845b3906d22cdf7",
    "lev": "00040004",
    "groups": null,
    "isGroup": null,
    "typeId": "",
    "sellerId": "admin",
    "commissionRatio": 1,
    "isNoVirtual": false,
    "image": "https://gtmall.oss-cn-beijing.aliyuncs.com/platform/image/imageAA.png",
    "wapImage": "https://gtmall.oss-cn-beijing.aliyuncs.com/platform/image/imageAA.png",
    "wapColor": "",
    "status": null,
    "isRecommend": null,
    "sales": null,
    "amount": null,
    "salePerCustomer": null
  }, {
    "id": "75e13f35040e4a0a8c84b9cf258eab45",
    "createTime": 1534991305000,
    "updateTime": null,
    "deleted": false,
    "childer": null,
    "sorting": null,
    "idView": "44",
    "name": "箱包",
    "describes": null,
    "pid": "730246b69c234e4cb46647626cba9054",
    "lev": "00080001",
    "groups": null,
    "isGroup": null,
    "typeId": "",
    "sellerId": "admin",
    "commissionRatio": 1,
    "isNoVirtual": false,
    "image": "https://gtmall.oss-cn-beijing.aliyuncs.com/platform/image/imageAA.png",
    "wapImage": "https://gtmall.oss-cn-beijing.aliyuncs.com/platform/image/imageAA.png",
    "wapColor": "",
    "status": null,
    "isRecommend": null,
    "sales": null,
    "amount": null,
    "salePerCustomer": null
  }, {
    "id": "7de67c12fbcb4fdf9e5f30e992609a4e",
    "createTime": 1534990540000,
    "updateTime": null,
    "deleted": false,
    "childer": null,
    "sorting": null,
    "idView": "31",
    "name": "男表",
    "describes": null,
    "pid": "ede0d6517f7f4ae1908b641980413f4f",
    "lev": "00070007",
    "groups": null,
    "isGroup": null,
    "typeId": "",
    "sellerId": "admin",
    "commissionRatio": 1,
    "isNoVirtual": false,
    "image": "https://gtmall.oss-cn-beijing.aliyuncs.com/platform/image/imageAA.png",
    "wapImage": "https://gtmall.oss-cn-beijing.aliyuncs.com/platform/image/imageAA.png",
    "wapColor": "",
    "status": null,
    "isRecommend": null,
    "sales": null,
    "amount": null,
    "salePerCustomer": null
  }, {
    "id": "804a02435f174caf9135dbee441bde13",
    "createTime": 1534932002000,
    "updateTime": null,
    "deleted": false,
    "childer": null,
    "sorting": null,
    "idView": "13",
    "name": "眼影",
    "describes": null,
    "pid": "ea626859fa884e62bf516075bccad5e9",
    "lev": "00040010",
    "groups": null,
    "isGroup": null,
    "typeId": "",
    "sellerId": "admin",
    "commissionRatio": 1,
    "isNoVirtual": false,
    "image": "https://gtmall.oss-cn-beijing.aliyuncs.com/platform/image/imageAA.png",
    "wapImage": "https://gtmall.oss-cn-beijing.aliyuncs.com/platform/image/imageAA.png",
    "wapColor": "",
    "status": null,
    "isRecommend": null,
    "sales": null,
    "amount": null,
    "salePerCustomer": null
  }, {
    "id": "80a68b95928e4d15917d4dff65edb829",
    "createTime": 1534991151000,
    "updateTime": null,
    "deleted": false,
    "childer": null,
    "sorting": null,
    "idView": "39",
    "name": "戒指",
    "describes": null,
    "pid": "4b7d84a278d74bcf81f6488b9a7febf6",
    "lev": "00070015",
    "groups": null,
    "isGroup": null,
    "typeId": "",
    "sellerId": "admin",
    "commissionRatio": 1,
    "isNoVirtual": false,
    "image": "https://gtmall.oss-cn-beijing.aliyuncs.com/platform/image/imageAA.png",
    "wapImage": "https://gtmall.oss-cn-beijing.aliyuncs.com/platform/image/imageAA.png",
    "wapColor": "",
    "status": null,
    "isRecommend": null,
    "sales": null,
    "amount": null,
    "salePerCustomer": null
  }, {
    "id": "8623c2fbd7e949a18f6958b8108d9d0e",
    "createTime": 1532659946000,
    "updateTime": null,
    "deleted": false,
    "childer": null,
    "sorting": null,
    "idView": "24",
    "name": "洗衣机",
    "describes": null,
    "pid": "6200c1b6845b4e11855ab952d1694db3",
    "lev": "00020009",
    "groups": null,
    "isGroup": null,
    "typeId": "",
    "sellerId": "admin",
    "commissionRatio": 1,
    "isNoVirtual": false,
    "image": "https://gtmall.oss-cn-beijing.aliyuncs.com/java/pic/admin/a7b8c20a-8748-4ca2-b741-9b4756999e24.jpg",
    "wapImage": "https://gtmall.oss-cn-beijing.aliyuncs.com/java/pic/admin/34e80a21-9781-497e-babd-1e5a6b729d41.jpg",
    "wapColor": "",
    "status": null,
    "isRecommend": null,
    "sales": null,
    "amount": null,
    "salePerCustomer": null
  }, {
    "id": "8a6a1f2d759a49e7be296e065c0dfab8",
    "createTime": 1535451334000,
    "updateTime": null,
    "deleted": false,
    "childer": null,
    "sorting": null,
    "idView": "60",
    "name": "50点券",
    "describes": null,
    "pid": "e5f5f0039f004b298392f4a30a07d2a7",
    "lev": "00150003",
    "groups": null,
    "isGroup": null,
    "typeId": "",
    "sellerId": "admin",
    "commissionRatio": null,
    "isNoVirtual": false,
    "image": "https://gtmall.oss-cn-beijing.aliyuncs.com/java/pic/admin/4e3129f4-8053-47a4-b1ce-bbfa4289e685.jpg",
    "wapImage": "https://gtmall.oss-cn-beijing.aliyuncs.com/platform/image/imageAA.png",
    "wapColor": "",
    "status": null,
    "isRecommend": null,
    "sales": null,
    "amount": null,
    "salePerCustomer": null
  }, {
    "id": "8ae2d9229e324d6e987b37f35186e9ea",
    "createTime": 1530682016000,
    "updateTime": null,
    "deleted": false,
    "childer": null,
    "sorting": null,
    "idView": "8",
    "name": "剃须刀",
    "describes": null,
    "pid": "ee7b63eca1154726849f0ad0932886c8",
    "lev": "00020007",
    "groups": null,
    "isGroup": null,
    "typeId": "",
    "sellerId": "admin",
    "commissionRatio": 1,
    "isNoVirtual": false,
    "image": "https://gtmall.oss-cn-beijing.aliyuncs.com/platform/image/imageAA.png",
    "wapImage": "https://gtmall.oss-cn-beijing.aliyuncs.com/platform/image/imageAA.png",
    "wapColor": "",
    "status": null,
    "isRecommend": null,
    "sales": null,
    "amount": null,
    "salePerCustomer": null
  }, {
    "id": "8e58fa3810ce413ab298733ca878db94",
    "createTime": 1530682088000,
    "updateTime": null,
    "deleted": false,
    "childer": null,
    "sorting": null,
    "idView": "13",
    "name": "珠宝",
    "describes": null,
    "pid": "93b592fb75484f10a9b8bd795f2e824c",
    "lev": "00010002",
    "groups": null,
    "isGroup": null,
    "typeId": "",
    "sellerId": "admin",
    "commissionRatio": 1,
    "isNoVirtual": false,
    "image": "https://gtmall.oss-cn-beijing.aliyuncs.com/platform/image/imageAA.png",
    "wapImage": "https://gtmall.oss-cn-beijing.aliyuncs.com/platform/image/imageAA.png",
    "wapColor": "",
    "status": null,
    "isRecommend": null,
    "sales": null,
    "amount": null,
    "salePerCustomer": null
  }, {
    "id": "90b8c20c863f476ab25a5f4d0e0c56a6",
    "createTime": 1534931983000,
    "updateTime": 1536732731000,
    "deleted": false,
    "childer": null,
    "sorting": null,
    "idView": "12",
    "name": "口红",
    "describes": null,
    "pid": "ea626859fa884e62bf516075bccad5e9",
    "lev": "00040009",
    "groups": null,
    "isGroup": null,
    "typeId": "73fb3c911da346099f0459765d6b54b2",
    "sellerId": "admin",
    "commissionRatio": 1,
    "isNoVirtual": false,
    "image": "https://gtmall.oss-cn-beijing.aliyuncs.com/platform/image/imageAA.png",
    "wapImage": "https://gtmall.oss-cn-beijing.aliyuncs.com/platform/image/imageAA.png",
    "wapColor": "",
    "status": null,
    "isRecommend": null,
    "sales": null,
    "amount": null,
    "salePerCustomer": null
  }, {
    "id": "9a6b6c07bd604e9bb540e0c9cf9e8f57",
    "createTime": 1534990579000,
    "updateTime": null,
    "deleted": false,
    "childer": null,
    "sorting": null,
    "idView": "34",
    "name": "户外手表",
    "describes": null,
    "pid": "ede0d6517f7f4ae1908b641980413f4f",
    "lev": "00070010",
    "groups": null,
    "isGroup": null,
    "typeId": "",
    "sellerId": "admin",
    "commissionRatio": 1,
    "isNoVirtual": false,
    "image": "https://gtmall.oss-cn-beijing.aliyuncs.com/platform/image/imageAA.png",
    "wapImage": "https://gtmall.oss-cn-beijing.aliyuncs.com/platform/image/imageAA.png",
    "wapColor": "",
    "status": null,
    "isRecommend": null,
    "sales": null,
    "amount": null,
    "salePerCustomer": null
  }, {
    "id": "a1db64f6893940d8908391713eedbc19",
    "createTime": 1530681972000,
    "updateTime": null,
    "deleted": false,
    "childer": null,
    "sorting": null,
    "idView": "6",
    "name": "冰箱",
    "describes": null,
    "pid": "b3d17a11cc9b4bb3b1386f80f23d14dc",
    "lev": "00020005",
    "groups": null,
    "isGroup": null,
    "typeId": "",
    "sellerId": "admin",
    "commissionRatio": 1,
    "isNoVirtual": false,
    "image": "https://gtmall.oss-cn-beijing.aliyuncs.com/platform/image/imageAA.png",
    "wapImage": "https://gtmall.oss-cn-beijing.aliyuncs.com/platform/image/imageAA.png",
    "wapColor": "",
    "status": null,
    "isRecommend": null,
    "sales": null,
    "amount": null,
    "salePerCustomer": null
  }, {
    "id": "a4ebbd7425a94f6db164f0da4e56db8f",
    "createTime": 1530682145000,
    "updateTime": null,
    "deleted": false,
    "childer": null,
    "sorting": null,
    "idView": "18",
    "name": "翡翠",
    "describes": null,
    "pid": "8e58fa3810ce413ab298733ca878db94",
    "lev": "00010007",
    "groups": null,
    "isGroup": null,
    "typeId": "",
    "sellerId": "admin",
    "commissionRatio": 1,
    "isNoVirtual": false,
    "image": "https://gtmall.oss-cn-beijing.aliyuncs.com/platform/image/imageAA.png",
    "wapImage": "https://gtmall.oss-cn-beijing.aliyuncs.com/platform/image/imageAA.png",
    "wapColor": "",
    "status": null,
    "isRecommend": null,
    "sales": null,
    "amount": null,
    "salePerCustomer": null
  }, {
    "id": "a666dcadde10418aa85358321f0c9f24",
    "createTime": 1534931920000,
    "updateTime": null,
    "deleted": false,
    "childer": null,
    "sorting": null,
    "idView": "9",
    "name": "精华",
    "describes": null,
    "pid": "1129a9558cd5421a950f29cac318db6c",
    "lev": "00040006",
    "groups": null,
    "isGroup": null,
    "typeId": "",
    "sellerId": "admin",
    "commissionRatio": 1,
    "isNoVirtual": false,
    "image": "https://gtmall.oss-cn-beijing.aliyuncs.com/platform/image/imageAA.png",
    "wapImage": "https://gtmall.oss-cn-beijing.aliyuncs.com/platform/image/imageAA.png",
    "wapColor": "",
    "status": null,
    "isRecommend": null,
    "sales": null,
    "amount": null,
    "salePerCustomer": null
  }, {
    "id": "afbb7cba2c414c718f4ce16f24da5fd2",
    "createTime": 1530682105000,
    "updateTime": null,
    "deleted": false,
    "childer": null,
    "sorting": null,
    "idView": "14",
    "name": "女表",
    "describes": null,
    "pid": "52ee1008413942ca8d56df7ae69a3026",
    "lev": "00010003",
    "groups": null,
    "isGroup": null,
    "typeId": "",
    "sellerId": "admin",
    "commissionRatio": 1,
    "isNoVirtual": false,
    "image": "https://gtmall.oss-cn-beijing.aliyuncs.com/platform/image/imageAA.png",
    "wapImage": "https://gtmall.oss-cn-beijing.aliyuncs.com/platform/image/imageAA.png",
    "wapColor": "",
    "status": null,
    "isRecommend": null,
    "sales": null,
    "amount": null,
    "salePerCustomer": null
  }, {
    "id": "b3d17a11cc9b4bb3b1386f80f23d14dc",
    "createTime": 1530681921000,
    "updateTime": 1530685070000,
    "deleted": false,
    "childer": null,
    "sorting": null,
    "idView": "3",
    "name": "大家电",
    "describes": null,
    "pid": "3ab20802af9f442a92455621886062f1",
    "lev": "00020002",
    "groups": null,
    "isGroup": null,
    "typeId": "5e7c6d9ae38d4f289b595c29a4c1ee7e",
    "sellerId": "admin",
    "commissionRatio": 1,
    "isNoVirtual": false,
    "image": "https://gtmall.oss-cn-beijing.aliyuncs.com/platform/image/imageAA.png",
    "wapImage": "https://gtmall.oss-cn-beijing.aliyuncs.com/platform/image/imageAA.png",
    "wapColor": "",
    "status": null,
    "isRecommend": null,
    "sales": null,
    "amount": null,
    "salePerCustomer": null
  }, {
    "id": "b700f89b460547b9b9a7195c4845b130",
    "createTime": 1534991415000,
    "updateTime": null,
    "deleted": false,
    "childer": null,
    "sorting": null,
    "idView": "51",
    "name": "生活用品",
    "describes": null,
    "pid": "aee15e558b7f4f16afa21e50494487df",
    "lev": "00090003",
    "groups": null,
    "isGroup": null,
    "typeId": "",
    "sellerId": "admin",
    "commissionRatio": 1,
    "isNoVirtual": false,
    "image": "https://gtmall.oss-cn-beijing.aliyuncs.com/platform/image/imageAA.png",
    "wapImage": "https://gtmall.oss-cn-beijing.aliyuncs.com/platform/image/imageAA.png",
    "wapColor": "",
    "status": null,
    "isRecommend": null,
    "sales": null,
    "amount": null,
    "salePerCustomer": null
  }, {
    "id": "d6fea61657ab48f0a8fe67f28a56ba13",
    "createTime": 1534991398000,
    "updateTime": null,
    "deleted": false,
    "childer": null,
    "sorting": null,
    "idView": "49",
    "name": "厨具",
    "describes": null,
    "pid": "aee15e558b7f4f16afa21e50494487df",
    "lev": "00090001",
    "groups": null,
    "isGroup": null,
    "typeId": "",
    "sellerId": "admin",
    "commissionRatio": 1,
    "isNoVirtual": false,
    "image": "https://gtmall.oss-cn-beijing.aliyuncs.com/platform/image/imageAA.png",
    "wapImage": "https://gtmall.oss-cn-beijing.aliyuncs.com/platform/image/imageAA.png",
    "wapColor": "",
    "status": null,
    "isRecommend": null,
    "sales": null,
    "amount": null,
    "salePerCustomer": null
  }, {
    "id": "db4c7fa2cba149c8879243f156dd1e33",
    "createTime": 1534991408000,
    "updateTime": null,
    "deleted": false,
    "childer": null,
    "sorting": null,
    "idView": "50",
    "name": "床上用品",
    "describes": null,
    "pid": "aee15e558b7f4f16afa21e50494487df",
    "lev": "00090002",
    "groups": null,
    "isGroup": null,
    "typeId": "",
    "sellerId": "admin",
    "commissionRatio": 1,
    "isNoVirtual": false,
    "image": "https://gtmall.oss-cn-beijing.aliyuncs.com/platform/image/imageAA.png",
    "wapImage": "https://gtmall.oss-cn-beijing.aliyuncs.com/platform/image/imageAA.png",
    "wapColor": "",
    "status": null,
    "isRecommend": null,
    "sales": null,
    "amount": null,
    "salePerCustomer": null
  }, {
    "id": "e1847b9c1cba45248635f95fda4c7c6e",
    "createTime": 1534931911000,
    "updateTime": null,
    "deleted": false,
    "childer": null,
    "sorting": null,
    "idView": "8",
    "name": "面膜",
    "describes": null,
    "pid": "1129a9558cd5421a950f29cac318db6c",
    "lev": "00040005",
    "groups": null,
    "isGroup": null,
    "typeId": "",
    "sellerId": "admin",
    "commissionRatio": 1,
    "isNoVirtual": false,
    "image": "https://gtmall.oss-cn-beijing.aliyuncs.com/platform/image/imageAA.png",
    "wapImage": "https://gtmall.oss-cn-beijing.aliyuncs.com/platform/image/imageAA.png",
    "wapColor": "",
    "status": null,
    "isRecommend": null,
    "sales": null,
    "amount": null,
    "salePerCustomer": null
  }, {
    "id": "e28b5a7ead3a462e8c1568586c0190d2",
    "createTime": 1530682112000,
    "updateTime": null,
    "deleted": false,
    "childer": null,
    "sorting": null,
    "idView": "15",
    "name": "男表",
    "describes": null,
    "pid": "52ee1008413942ca8d56df7ae69a3026",
    "lev": "00010004",
    "groups": null,
    "isGroup": null,
    "typeId": "",
    "sellerId": "admin",
    "commissionRatio": 1,
    "isNoVirtual": false,
    "image": "https://gtmall.oss-cn-beijing.aliyuncs.com/platform/image/imageAA.png",
    "wapImage": "https://gtmall.oss-cn-beijing.aliyuncs.com/platform/image/imageAA.png",
    "wapColor": "",
    "status": null,
    "isRecommend": null,
    "sales": null,
    "amount": null,
    "salePerCustomer": null
  }, {
    "id": "e3f837a9a4db431dbb18d722a2224117",
    "createTime": 1534929625000,
    "updateTime": null,
    "deleted": false,
    "childer": null,
    "sorting": null,
    "idView": "4",
    "name": "423424",
    "describes": null,
    "pid": "dc6ff204ae0749578dbbe343f4514fca",
    "lev": "00040002",
    "groups": null,
    "isGroup": null,
    "typeId": "",
    "sellerId": "admin",
    "commissionRatio": 1,
    "isNoVirtual": false,
    "image": "https://gtmall.oss-cn-beijing.aliyuncs.com/java/pic/admin/96912ee5-2e4e-4496-8a18-ac8533c2e7ea.png",
    "wapImage": "https://gtmall.oss-cn-beijing.aliyuncs.com/platform/image/imageAA.png",
    "wapColor": "",
    "status": null,
    "isRecommend": null,
    "sales": null,
    "amount": null,
    "salePerCustomer": null
  }, {
    "id": "ea626859fa884e62bf516075bccad5e9",
    "createTime": 1534931851000,
    "updateTime": 1534931879000,
    "deleted": false,
    "childer": null,
    "sorting": null,
    "idView": "6",
    "name": "彩妆",
    "describes": null,
    "pid": "ba40c849fdec4f3a9845b3906d22cdf7",
    "lev": "00040003",
    "groups": null,
    "isGroup": null,
    "typeId": "",
    "sellerId": "admin",
    "commissionRatio": 1,
    "isNoVirtual": false,
    "image": "https://gtmall.oss-cn-beijing.aliyuncs.com/platform/image/imageAA.png",
    "wapImage": "https://gtmall.oss-cn-beijing.aliyuncs.com/platform/image/imageAA.png",
    "wapColor": "",
    "status": null,
    "isRecommend": null,
    "sales": null,
    "amount": null,
    "salePerCustomer": null
  }, {
    "id": "ec7358f6b702447a93793237026e3b72",
    "createTime": 1530682133000,
    "updateTime": null,
    "deleted": false,
    "childer": null,
    "sorting": null,
    "idView": "17",
    "name": "黄金",
    "describes": null,
    "pid": "8e58fa3810ce413ab298733ca878db94",
    "lev": "00010006",
    "groups": null,
    "isGroup": null,
    "typeId": "",
    "sellerId": "admin",
    "commissionRatio": 1,
    "isNoVirtual": false,
    "image": "https://gtmall.oss-cn-beijing.aliyuncs.com/platform/image/imageAA.png",
    "wapImage": "https://gtmall.oss-cn-beijing.aliyuncs.com/platform/image/imageAA.png",
    "wapColor": "",
    "status": null,
    "isRecommend": null,
    "sales": null,
    "amount": null,
    "salePerCustomer": null
  }, {
    "id": "ee7b63eca1154726849f0ad0932886c8",
    "createTime": 1530681943000,
    "updateTime": null,
    "deleted": false,
    "childer": null,
    "sorting": null,
    "idView": "4",
    "name": "生活家电",
    "describes": null,
    "pid": "3ab20802af9f442a92455621886062f1",
    "lev": "00020003",
    "groups": null,
    "isGroup": null,
    "typeId": "",
    "sellerId": "admin",
    "commissionRatio": 1,
    "isNoVirtual": false,
    "image": "https://gtmall.oss-cn-beijing.aliyuncs.com/platform/image/imageAA.png",
    "wapImage": "https://gtmall.oss-cn-beijing.aliyuncs.com/platform/image/imageAA.png",
    "wapColor": "",
    "status": null,
    "isRecommend": null,
    "sales": null,
    "amount": null,
    "salePerCustomer": null
  }, {
    "id": "f4b65084011d40639ffc3e3203657e7b",
    "createTime": 1534991330000,
    "updateTime": null,
    "deleted": false,
    "childer": null,
    "sorting": null,
    "idView": "46",
    "name": "皮带",
    "describes": null,
    "pid": "5094cfca9ae14742839e68f0785a94e3",
    "lev": "00040012",
    "groups": null,
    "isGroup": null,
    "typeId": "",
    "sellerId": "admin",
    "commissionRatio": 1,
    "isNoVirtual": false,
    "image": "https://gtmall.oss-cn-beijing.aliyuncs.com/platform/image/imageAA.png",
    "wapImage": "https://gtmall.oss-cn-beijing.aliyuncs.com/platform/image/imageAA.png",
    "wapColor": "",
    "status": null,
    "isRecommend": null,
    "sales": null,
    "amount": null,
    "salePerCustomer": null
  }, {
    "id": "fe582a1d30314cbb9111b1b6f39bd89b",
    "createTime": 1534991314000,
    "updateTime": null,
    "deleted": false,
    "childer": null,
    "sorting": null,
    "idView": "45",
    "name": "钱夹",
    "describes": null,
    "pid": "730246b69c234e4cb46647626cba9054",
    "lev": "00080002",
    "groups": null,
    "isGroup": null,
    "typeId": "",
    "sellerId": "admin",
    "commissionRatio": 1,
    "isNoVirtual": false,
    "image": "https://gtmall.oss-cn-beijing.aliyuncs.com/platform/image/imageAA.png",
    "wapImage": "https://gtmall.oss-cn-beijing.aliyuncs.com/platform/image/imageAA.png",
    "wapColor": "",
    "status": null,
    "isRecommend": null,
    "sales": null,
    "amount": null,
    "salePerCustomer": null
  }, {
    "id": "4e13d5659fff4fd7bee6b7036b4b12ce",
    "createTime": 1534991015000,
    "updateTime": 1536649240000,
    "deleted": false,
    "childer": null,
    "sorting": 0,
    "idView": "35",
    "name": "珠宝",
    "describes": null,
    "pid": "3435020d047048f8848ba2a51737ead2",
    "lev": "00070011",
    "groups": null,
    "isGroup": null,
    "typeId": "",
    "sellerId": "admin",
    "commissionRatio": 1,
    "isNoVirtual": false,
    "image": "https://gtmall.oss-cn-beijing.aliyuncs.com/platform/image/imageAA.png",
    "wapImage": "https://gtmall.oss-cn-beijing.aliyuncs.com/platform/image/imageAA.png",
    "wapColor": "",
    "status": null,
    "isRecommend": null,
    "sales": null,
    "amount": null,
    "salePerCustomer": null
  }, {
    "id": "64f03fc071ae4617bc5de601d101ba5c",
    "createTime": 1535356135000,
    "updateTime": 1536826165000,
    "deleted": false,
    "childer": null,
    "sorting": 0,
    "idView": "57",
    "name": "卡券列表",
    "describes": null,
    "pid": "2e3d2536fd484aca8f4de82c83cf0244",
    "lev": "00150001",
    "groups": null,
    "isGroup": null,
    "typeId": "f0b6bb83eb3e495b9ebfcfc03eac4546",
    "sellerId": "admin",
    "commissionRatio": null,
    "isNoVirtual": true,
    "image": "https://gtmall.oss-cn-beijing.aliyuncs.com/java/pic/admin/d5fba430-7576-4fb0-88ba-43d24914348e.jpg",
    "wapImage": "https://gtmall.oss-cn-beijing.aliyuncs.com/platform/image/imageAA.png",
    "wapColor": "",
    "status": null,
    "isRecommend": true,
    "sales": null,
    "amount": null,
    "salePerCustomer": null
  }, {
    "id": "732fe3a990f1422e870a84be858921df",
    "createTime": 1534991167000,
    "updateTime": 1536649306000,
    "deleted": false,
    "childer": null,
    "sorting": 0,
    "idView": "40",
    "name": "钻石",
    "describes": null,
    "pid": "4e13d5659fff4fd7bee6b7036b4b12ce",
    "lev": "00070016",
    "groups": null,
    "isGroup": null,
    "typeId": "",
    "sellerId": "admin",
    "commissionRatio": 1,
    "isNoVirtual": false,
    "image": "https://gtmall.oss-cn-beijing.aliyuncs.com/java/pic/admin/91ea3071-a451-41b1-80fb-e823febe92af.jpg",
    "wapImage": "https://gtmall.oss-cn-beijing.aliyuncs.com/platform/image/imageAA.png",
    "wapColor": "",
    "status": null,
    "isRecommend": null,
    "sales": null,
    "amount": null,
    "salePerCustomer": null
  }, {
    "id": "b51dac95b8a24ca9ab22c319e6473e8d",
    "createTime": 1532583176000,
    "updateTime": 1534931837000,
    "deleted": false,
    "childer": null,
    "sorting": 0,
    "idView": "23",
    "name": "礼盒",
    "describes": null,
    "pid": "1129a9558cd5421a950f29cac318db6c",
    "lev": "00040005",
    "groups": null,
    "isGroup": null,
    "typeId": "",
    "sellerId": "admin",
    "commissionRatio": 1,
    "isNoVirtual": true,
    "image": "https://gtmall.oss-cn-beijing.aliyuncs.com/platform/image/imageAA.png",
    "wapImage": "https://gtmall.oss-cn-beijing.aliyuncs.com/platform/image/imageAA.png",
    "wapColor": "",
    "status": null,
    "isRecommend": null,
    "sales": null,
    "amount": null,
    "salePerCustomer": null
  }, {
    "id": "cbb3e20ed3634f23abfe75cc258ea839",
    "createTime": 1536825792000,
    "updateTime": null,
    "deleted": false,
    "childer": null,
    "sorting": 0,
    "idView": "73",
    "name": "手机",
    "describes": null,
    "pid": "2ad4529488314256be41639b772d8b71",
    "lev": "00010003",
    "groups": null,
    "isGroup": null,
    "typeId": "73fb3c911da346099f0459765d6b54b2",
    "sellerId": "admin",
    "commissionRatio": null,
    "isNoVirtual": false,
    "image": "https://gtmall.oss-cn-beijing.aliyuncs.com/platform/image/imageAA.png",
    "wapImage": "https://gtmall.oss-cn-beijing.aliyuncs.com/platform/image/imageAA.png",
    "wapColor": "",
    "status": null,
    "isRecommend": null,
    "sales": null,
    "amount": null,
    "salePerCustomer": null
  }, {
    "id": "e5f5f0039f004b298392f4a30a07d2a7",
    "createTime": 1535356170000,
    "updateTime": null,
    "deleted": false,
    "childer": null,
    "sorting": 0,
    "idView": "58",
    "name": "王者荣耀点券",
    "describes": null,
    "pid": "64f03fc071ae4617bc5de601d101ba5c",
    "lev": "00150002",
    "groups": null,
    "isGroup": null,
    "typeId": "",
    "sellerId": "admin",
    "commissionRatio": null,
    "isNoVirtual": true,
    "image": "https://gtmall.oss-cn-beijing.aliyuncs.com/platform/image/imageAA.png",
    "wapImage": "https://gtmall.oss-cn-beijing.aliyuncs.com/platform/image/imageAA.png",
    "wapColor": "",
    "status": null,
    "isRecommend": null,
    "sales": null,
    "amount": null,
    "salePerCustomer": null
  }, {
    "id": "12bffea222b341be8d4108d934f2e3c3",
    "createTime": 1536825529000,
    "updateTime": null,
    "deleted": false,
    "childer": null,
    "sorting": 1,
    "idView": "72",
    "name": "空调",
    "describes": null,
    "pid": "51cc6bcee1294046a481defaba9746fc",
    "lev": "00130004",
    "groups": null,
    "isGroup": null,
    "typeId": "",
    "sellerId": "admin",
    "commissionRatio": 22,
    "isNoVirtual": null,
    "image": "https://gtmall.oss-cn-beijing.aliyuncs.com/java/pic/admin/8cd514b3-f6ce-4af1-990d-6dacf0e93798.png",
    "wapImage": "https://gtmall.oss-cn-beijing.aliyuncs.com/platform/image/imageAA.png",
    "wapColor": "",
    "status": null,
    "isRecommend": true,
    "sales": null,
    "amount": null,
    "salePerCustomer": null
  }, {
    "id": "49bb131e6b1b42ee9809ff266fb2349e",
    "createTime": 1536825433000,
    "updateTime": null,
    "deleted": false,
    "childer": null,
    "sorting": 1,
    "idView": "70",
    "name": "专场推荐",
    "describes": null,
    "pid": "49c71be997244dbd9dc2d57717aa450a",
    "lev": "00130002",
    "groups": null,
    "isGroup": null,
    "typeId": "",
    "sellerId": "admin",
    "commissionRatio": 11,
    "isNoVirtual": null,
    "image": "https://gtmall.oss-cn-beijing.aliyuncs.com/java/pic/admin/b3f96dba-771a-4b3f-a40d-cb1b5eae3cde.png",
    "wapImage": "https://gtmall.oss-cn-beijing.aliyuncs.com/platform/image/imageAA.png",
    "wapColor": "",
    "status": null,
    "isRecommend": true,
    "sales": null,
    "amount": null,
    "salePerCustomer": null
  }, {
    "id": "51cc6bcee1294046a481defaba9746fc",
    "createTime": 1536825480000,
    "updateTime": null,
    "deleted": false,
    "childer": null,
    "sorting": 1,
    "idView": "71",
    "name": "专场推荐",
    "describes": null,
    "pid": "c58fd39d51f1405395352991ba5b94ec",
    "lev": "00130003",
    "groups": null,
    "isGroup": null,
    "typeId": "",
    "sellerId": "admin",
    "commissionRatio": 11,
    "isNoVirtual": null,
    "image": "https://gtmall.oss-cn-beijing.aliyuncs.com/platform/image/imageAA.png",
    "wapImage": "https://gtmall.oss-cn-beijing.aliyuncs.com/platform/image/imageAA.png",
    "wapColor": "",
    "status": null,
    "isRecommend": true,
    "sales": null,
    "amount": null,
    "salePerCustomer": null
  }, {
    "id": "7c793fd14a3f4b269004dfc6e1ca996f",
    "createTime": 1534991183000,
    "updateTime": 1536649397000,
    "deleted": false,
    "childer": null,
    "sorting": 1,
    "idView": "42",
    "name": "翡翠",
    "describes": null,
    "pid": "4e13d5659fff4fd7bee6b7036b4b12ce",
    "lev": "00070018",
    "groups": null,
    "isGroup": null,
    "typeId": "",
    "sellerId": "admin",
    "commissionRatio": 1,
    "isNoVirtual": false,
    "image": "https://gtmall.oss-cn-beijing.aliyuncs.com/java/pic/admin/08a55219-c0b3-4a60-aa79-8819910b4728.jpg",
    "wapImage": "https://gtmall.oss-cn-beijing.aliyuncs.com/platform/image/imageAA.png",
    "wapColor": "",
    "status": null,
    "isRecommend": null,
    "sales": null,
    "amount": null,
    "salePerCustomer": null
  }, {
    "id": "c58fd39d51f1405395352991ba5b94ec",
    "createTime": 1535339617000,
    "updateTime": 1536825559000,
    "deleted": false,
    "childer": null,
    "sorting": 1,
    "idView": "53",
    "name": "推荐分类",
    "describes": null,
    "pid": "",
    "lev": "0013",
    "groups": null,
    "isGroup": null,
    "typeId": "4b630ea8c04b416295cbbea5d3a77472",
    "sellerId": "admin",
    "commissionRatio": 11,
    "isNoVirtual": true,
    "image": "https://gtmall.oss-cn-beijing.aliyuncs.com/java/pic/admin/367ddbca-4b49-47ca-91fc-59723fc4f303.jpg",
    "wapImage": "https://gtmall.oss-cn-beijing.aliyuncs.com/platform/image/imageAA.png",
    "wapColor": "",
    "status": null,
    "isRecommend": true,
    "sales": null,
    "amount": null,
    "salePerCustomer": null
  }, {
    "id": "c812c81f9fc9443da2774a2b1debf3a7",
    "createTime": 1530686416000,
    "updateTime": 1530687989000,
    "deleted": false,
    "childer": null,
    "sorting": 1,
    "idView": "19",
    "name": "百雀羚",
    "describes": null,
    "pid": "4aa6ca416d254566a5189d4df742501f",
    "lev": "00040003",
    "groups": null,
    "isGroup": null,
    "typeId": "58a4ec431921415aaf7fe3da5058cb39",
    "sellerId": "admin",
    "commissionRatio": 1,
    "isNoVirtual": false,
    "image": "https://gtmall.oss-cn-beijing.aliyuncs.com/java/pic/admin/8cacf1ef-15ec-4d5d-bc77-ba076a9d7f8a.png",
    "wapImage": "https://gtmall.oss-cn-beijing.aliyuncs.com/platform/image/imageAA.png",
    "wapColor": "",
    "status": null,
    "isRecommend": null,
    "sales": null,
    "amount": null,
    "salePerCustomer": null
  }, {
    "id": "ce81239e524d40dbb153af0ec957d5c2",
    "createTime": 1530681634000,
    "updateTime": 1530681747000,
    "deleted": false,
    "childer": null,
    "sorting": 1,
    "idView": "2",
    "name": "1112",
    "describes": null,
    "pid": "0a9f3e6e7bf74e499e0ea9b6d3a2a69f",
    "lev": "000100010001",
    "groups": null,
    "isGroup": null,
    "typeId": "c426660dee1f46de99767e0345014552",
    "sellerId": "admin",
    "commissionRatio": 1,
    "isNoVirtual": false,
    "image": "https://gtmall.oss-cn-beijing.aliyuncs.com/platform/image/imageAA.png",
    "wapImage": "https://gtmall.oss-cn-beijing.aliyuncs.com/platform/image/imageAA.png",
    "wapColor": "",
    "status": null,
    "isRecommend": null,
    "sales": null,
    "amount": null,
    "salePerCustomer": null
  }, {
    "id": "ede0d6517f7f4ae1908b641980413f4f",
    "createTime": 1534990522000,
    "updateTime": 1536649250000,
    "deleted": false,
    "childer": null,
    "sorting": 1,
    "idView": "29",
    "name": "腕表",
    "describes": null,
    "pid": "3435020d047048f8848ba2a51737ead2",
    "lev": "00070005",
    "groups": null,
    "isGroup": null,
    "typeId": "",
    "sellerId": "admin",
    "commissionRatio": 1,
    "isNoVirtual": false,
    "image": "https://gtmall.oss-cn-beijing.aliyuncs.com/platform/image/imageAA.png",
    "wapImage": "https://gtmall.oss-cn-beijing.aliyuncs.com/platform/image/imageAA.png",
    "wapColor": "",
    "status": null,
    "isRecommend": null,
    "sales": null,
    "amount": null,
    "salePerCustomer": null
  }, {
    "id": "4b7d84a278d74bcf81f6488b9a7febf6",
    "createTime": 1534991022000,
    "updateTime": 1536649217000,
    "deleted": false,
    "childer": null,
    "sorting": 2,
    "idView": "36",
    "name": "时尚饰品",
    "describes": null,
    "pid": "3435020d047048f8848ba2a51737ead2",
    "lev": "00070012",
    "groups": null,
    "isGroup": null,
    "typeId": "",
    "sellerId": "admin",
    "commissionRatio": 1,
    "isNoVirtual": false,
    "image": "https://gtmall.oss-cn-beijing.aliyuncs.com/platform/image/imageAA.png",
    "wapImage": "https://gtmall.oss-cn-beijing.aliyuncs.com/platform/image/imageAA.png",
    "wapColor": "",
    "status": null,
    "isRecommend": null,
    "sales": null,
    "amount": null,
    "salePerCustomer": null
  }, {
    "id": "cf854cfd13674105b779388984f4b41a",
    "createTime": 1534991174000,
    "updateTime": 1536649437000,
    "deleted": false,
    "childer": null,
    "sorting": 2,
    "idView": "41",
    "name": "黄金",
    "describes": null,
    "pid": "4e13d5659fff4fd7bee6b7036b4b12ce",
    "lev": "00070017",
    "groups": null,
    "isGroup": null,
    "typeId": "",
    "sellerId": "admin",
    "commissionRatio": 1,
    "isNoVirtual": false,
    "image": "https://gtmall.oss-cn-beijing.aliyuncs.com/java/pic/admin/42f72c08-1606-4190-ae1c-7567a5efb9aa.jpg",
    "wapImage": "https://gtmall.oss-cn-beijing.aliyuncs.com/platform/image/imageAA.png",
    "wapColor": "",
    "status": null,
    "isRecommend": null,
    "sales": null,
    "amount": null,
    "salePerCustomer": null
  }, {
    "id": "f4c95fa7913e480097b30f82edacf2a8",
    "createTime": 1534988653000,
    "updateTime": 1535339442000,
    "deleted": false,
    "childer": null,
    "sorting": 2,
    "idView": "21",
    "name": "母婴专区",
    "describes": null,
    "pid": "",
    "lev": "0010",
    "groups": null,
    "isGroup": null,
    "typeId": "",
    "sellerId": "admin",
    "commissionRatio": 1,
    "isNoVirtual": false,
    "image": "https://gtmall.oss-cn-beijing.aliyuncs.com/java/pic/admin/e2518ec2-8354-47bd-8b68-f1d37e05d0c5.png",
    "wapImage": "https://gtmall.oss-cn-beijing.aliyuncs.com/platform/image/imageAA.png",
    "wapColor": "",
    "status": null,
    "isRecommend": null,
    "sales": null,
    "amount": null,
    "salePerCustomer": null
  }, {
    "id": "1e65217ca5ba4d05bd5f09c5a42a7a32",
    "createTime": 1534991191000,
    "updateTime": 1536649489000,
    "deleted": false,
    "childer": null,
    "sorting": 3,
    "idView": "43",
    "name": "玛瑙",
    "describes": null,
    "pid": "4e13d5659fff4fd7bee6b7036b4b12ce",
    "lev": "00070019",
    "groups": null,
    "isGroup": null,
    "typeId": "",
    "sellerId": "admin",
    "commissionRatio": 1,
    "isNoVirtual": false,
    "image": "https://gtmall.oss-cn-beijing.aliyuncs.com/java/pic/admin/f2d02750-d8f8-4cb5-b72e-ba505e60f293.jpg",
    "wapImage": "https://gtmall.oss-cn-beijing.aliyuncs.com/platform/image/imageAA.png",
    "wapColor": "",
    "status": null,
    "isRecommend": null,
    "sales": null,
    "amount": null,
    "salePerCustomer": null
  }, {
    "id": "2e3d2536fd484aca8f4de82c83cf0244",
    "createTime": 1535356060000,
    "updateTime": 1536825609000,
    "deleted": false,
    "childer": null,
    "sorting": 3,
    "idView": "56",
    "name": "虚拟商品",
    "describes": null,
    "pid": "",
    "lev": "0015",
    "groups": null,
    "isGroup": null,
    "typeId": "f0b6bb83eb3e495b9ebfcfc03eac4546",
    "sellerId": "admin",
    "commissionRatio": null,
    "isNoVirtual": false,
    "image": "https://gtmall.oss-cn-beijing.aliyuncs.com/java/pic/admin/abaf0001-b2da-49ed-a1c3-a22010251e56.jpg",
    "wapImage": "https://gtmall.oss-cn-beijing.aliyuncs.com/platform/image/imageAA.png",
    "wapColor": "",
    "status": null,
    "isRecommend": null,
    "sales": null,
    "amount": null,
    "salePerCustomer": null
  }, {
    "id": "3435020d047048f8848ba2a51737ead2",
    "createTime": 1534988592000,
    "updateTime": 1536825616000,
    "deleted": false,
    "childer": null,
    "sorting": 4,
    "idView": "18",
    "name": "腕表珠宝",
    "describes": null,
    "pid": "",
    "lev": "0007",
    "groups": null,
    "isGroup": null,
    "typeId": "f0b6bb83eb3e495b9ebfcfc03eac4546",
    "sellerId": "admin",
    "commissionRatio": 2,
    "isNoVirtual": false,
    "image": "https://gtmall.oss-cn-beijing.aliyuncs.com/java/pic/admin/4fc36458-83e7-4dbe-a625-7371d592b742.jpg",
    "wapImage": "https://gtmall.oss-cn-beijing.aliyuncs.com/platform/image/imageAA.png",
    "wapColor": "",
    "status": null,
    "isRecommend": null,
    "sales": null,
    "amount": null,
    "salePerCustomer": null
  }, {
    "id": "49c71be997244dbd9dc2d57717aa450a",
    "createTime": 1535339662000,
    "updateTime": 1536825490000,
    "deleted": false,
    "childer": null,
    "sorting": 4,
    "idView": "54",
    "name": "热门分类",
    "describes": null,
    "pid": "c58fd39d51f1405395352991ba5b94ec",
    "lev": "00130001",
    "groups": null,
    "isGroup": null,
    "typeId": "f0b6bb83eb3e495b9ebfcfc03eac4546",
    "sellerId": "admin",
    "commissionRatio": 22,
    "isNoVirtual": true,
    "image": "https://gtmall.oss-cn-beijing.aliyuncs.com/java/pic/admin/6b800755-5744-4e34-84f6-de415483b984.jpg",
    "wapImage": "https://gtmall.oss-cn-beijing.aliyuncs.com/platform/image/imageAA.png",
    "wapColor": "",
    "status": null,
    "isRecommend": true,
    "sales": null,
    "amount": null,
    "salePerCustomer": null
  }, {
    "id": "2ad4529488314256be41639b772d8b71",
    "createTime": 1534919844000,
    "updateTime": 1536826949000,
    "deleted": false,
    "childer": null,
    "sorting": 5,
    "idView": "1",
    "name": "智酷数码",
    "describes": null,
    "pid": "",
    "lev": "0001",
    "groups": null,
    "isGroup": null,
    "typeId": "26747972026c429b905cb27687f8c1f8",
    "sellerId": "admin",
    "commissionRatio": 1,
    "isNoVirtual": false,
    "image": "https://gtmall.oss-cn-beijing.aliyuncs.com/java/pic/admin/61d90294-13d8-43a8-8d29-d9021c30f371.jpg",
    "wapImage": "https://gtmall.oss-cn-beijing.aliyuncs.com/java/pic/admin/6549d134-fa6f-4eef-858b-03c3e370d685.jpg",
    "wapColor": "",
    "status": null,
    "isRecommend": null,
    "sales": null,
    "amount": null,
    "salePerCustomer": null
  }, {
    "id": "aee15e558b7f4f16afa21e50494487df",
    "createTime": 1534988633000,
    "updateTime": 1535339461000,
    "deleted": false,
    "childer": null,
    "sorting": 6,
    "idView": "20",
    "name": "家居百货",
    "describes": null,
    "pid": "",
    "lev": "0009",
    "groups": null,
    "isGroup": null,
    "typeId": "",
    "sellerId": "admin",
    "commissionRatio": 1,
    "isNoVirtual": false,
    "image": "https://gtmall.oss-cn-beijing.aliyuncs.com/java/pic/admin/a5e431f3-ec71-4b7e-afb1-a823a6490315.jpg",
    "wapImage": "https://gtmall.oss-cn-beijing.aliyuncs.com/platform/image/imageAA.png",
    "wapColor": "",
    "status": null,
    "isRecommend": null,
    "sales": null,
    "amount": null,
    "salePerCustomer": null
  }, {
    "id": "8aaff479111944a99edaf422429da3de",
    "createTime": 1534988670000,
    "updateTime": 1535339467000,
    "deleted": false,
    "childer": null,
    "sorting": 7,
    "idView": "22",
    "name": "饮食健康",
    "describes": null,
    "pid": "",
    "lev": "0011",
    "groups": null,
    "isGroup": null,
    "typeId": "",
    "sellerId": "admin",
    "commissionRatio": 1,
    "isNoVirtual": false,
    "image": "https://gtmall.oss-cn-beijing.aliyuncs.com/java/pic/admin/99a6faae-381d-4be8-9d00-08b69dbbefa4.jpg",
    "wapImage": "https://gtmall.oss-cn-beijing.aliyuncs.com/platform/image/imageAA.png",
    "wapColor": "",
    "status": null,
    "isRecommend": null,
    "sales": null,
    "amount": null,
    "salePerCustomer": null
  }, {
    "id": "6ac879b3ee1d48f489da462767b14af1",
    "createTime": 1535354964000,
    "updateTime": 1536825640000,
    "deleted": false,
    "childer": null,
    "sorting": 8,
    "idView": "55",
    "name": "鞋服袜帽",
    "describes": null,
    "pid": "",
    "lev": "0014",
    "groups": null,
    "isGroup": null,
    "typeId": "73fb3c911da346099f0459765d6b54b2",
    "sellerId": "admin",
    "commissionRatio": 1,
    "isNoVirtual": false,
    "image": "https://gtmall.oss-cn-beijing.aliyuncs.com/java/pic/admin/00463c49-f958-402f-adde-48ac2c521304.jpg",
    "wapImage": "https://gtmall.oss-cn-beijing.aliyuncs.com/platform/image/imageAA.png",
    "wapColor": "",
    "status": null,
    "isRecommend": null,
    "sales": null,
    "amount": null,
    "salePerCustomer": null
  }, {
    "id": "ba40c849fdec4f3a9845b3906d22cdf7",
    "createTime": 1528264100000,
    "updateTime": 1536825645000,
    "deleted": false,
    "childer": null,
    "sorting": 9,
    "idView": "9",
    "name": "美妆个护",
    "describes": null,
    "pid": "",
    "lev": "0004",
    "groups": null,
    "isGroup": null,
    "typeId": "73fb3c911da346099f0459765d6b54b2",
    "sellerId": "admin",
    "commissionRatio": 1,
    "isNoVirtual": true,
    "image": "https://gtmall.oss-cn-beijing.aliyuncs.com/java/pic/admin/d3670d57-62b4-4c5a-ad95-e0d7dac3728b.png",
    "wapImage": "https://gtmall.oss-cn-beijing.aliyuncs.com/platform/image/imageAA.png",
    "wapColor": "ff",
    "status": null,
    "isRecommend": null,
    "sales": null,
    "amount": null,
    "salePerCustomer": null
  }, {
    "id": "f489301e0edf45dc87620a21be038c20",
    "createTime": 1534988550000,
    "updateTime": 1536825666000,
    "deleted": false,
    "childer": null,
    "sorting": 10,
    "idView": "17",
    "name": "智能家电",
    "describes": null,
    "pid": "",
    "lev": "0006",
    "groups": null,
    "isGroup": null,
    "typeId": "",
    "sellerId": "admin",
    "commissionRatio": 1,
    "isNoVirtual": true,
    "image": "https://gtmall.oss-cn-beijing.aliyuncs.com/java/pic/admin/87918e41-6cdb-41b1-a52e-03174f3b2150.png",
    "wapImage": "https://gtmall.oss-cn-beijing.aliyuncs.com/platform/image/imageAA.png",
    "wapColor": "",
    "status": null,
    "isRecommend": null,
    "sales": null,
    "amount": null,
    "salePerCustomer": null
  }, {
    "id": "730246b69c234e4cb46647626cba9054",
    "createTime": 1534988614000,
    "updateTime": 1536825672000,
    "deleted": false,
    "childer": null,
    "sorting": 11,
    "idView": "19",
    "name": "时尚潮品",
    "describes": null,
    "pid": "",
    "lev": "0008",
    "groups": null,
    "isGroup": null,
    "typeId": "",
    "sellerId": "admin",
    "commissionRatio": 1,
    "isNoVirtual": false,
    "image": "https://gtmall.oss-cn-beijing.aliyuncs.com/java/pic/admin/733acbfe-e1bf-4250-ab5b-36d5cde5ded7.png",
    "wapImage": "https://gtmall.oss-cn-beijing.aliyuncs.com/platform/image/imageAA.png",
    "wapColor": "",
    "status": null,
    "isRecommend": null,
    "sales": null,
    "amount": null,
    "salePerCustomer": null
  }, {
    "id": "5094cfca9ae14742839e68f0785a94e3",
    "createTime": 1534932142000,
    "updateTime": 1536825681000,
    "deleted": false,
    "childer": null,
    "sorting": 12,
    "idView": "15",
    "name": "箱包配饰",
    "describes": null,
    "pid": "",
    "lev": "0004",
    "groups": null,
    "isGroup": null,
    "typeId": "",
    "sellerId": "admin",
    "commissionRatio": 3,
    "isNoVirtual": false,
    "image": "https://gtmall.oss-cn-beijing.aliyuncs.com/java/pic/admin/decd4bc8-779b-4bc5-9771-08445f6526f8.png",
    "wapImage": "https://gtmall.oss-cn-beijing.aliyuncs.com/java/pic/admin/1f0bfc50-4a16-4f19-9e12-f465ef70d005.png",
    "wapColor": "",
    "status": null,
    "isRecommend": null,
    "sales": null,
    "amount": null,
    "salePerCustomer": null
  }, {
    "id": "521e928e12bd49689e58231dbfb9de85",
    "createTime": 1528103461000,
    "updateTime": null,
    "deleted": false,
    "childer": null,
    "sorting": 12,
    "idView": "8",
    "name": "imgLev2",
    "describes": null,
    "pid": "93c7501f4bc44370814ddeb81043a64c",
    "lev": "d8507663ac1448299d98264cc51436d000010001",
    "groups": null,
    "isGroup": null,
    "typeId": "c426660dee1f46de99767e0345014552",
    "sellerId": "admin",
    "commissionRatio": 1,
    "isNoVirtual": false,
    "image": "https://gtmall.oss-cn-beijing.aliyuncs.com/java/pic/admin/4abfee65-2464-4ed2-b90f-8c213352ba6d.png",
    "wapImage": "https://gtmall.oss-cn-beijing.aliyuncs.com/java/pic/admin/b437f5e0-5918-4f5e-9fd6-9b91958f0bed.png",
    "wapColor": "ff2222",
    "status": null,
    "isRecommend": null,
    "sales": null,
    "amount": null,
    "salePerCustomer": null
  }, {
    "id": "fb309b91ae07465b85dafcf86ebc30d6",
    "createTime": 1536820787000,
    "updateTime": 1536825691000,
    "deleted": false,
    "childer": null,
    "sorting": 13,
    "idView": "69",
    "name": "武林秘籍",
    "describes": null,
    "pid": "",
    "lev": "0020",
    "groups": null,
    "isGroup": null,
    "typeId": "3352bcd086804419b436db51d2647dfc",
    "sellerId": "admin",
    "commissionRatio": null,
    "isNoVirtual": null,
    "image": "https://gtmall.oss-cn-beijing.aliyuncs.com/java/pic/admin/46a02a35-9939-4fbb-a29b-fe37313ab1be.jpg",
    "wapImage": "https://gtmall.oss-cn-beijing.aliyuncs.com/platform/image/imageAA.png",
    "wapColor": "",
    "status": null,
    "isRecommend": false,
    "sales": null,
    "amount": null,
    "salePerCustomer": null
  }]
}