{
  "httpCode": 200,
  "msg": "请求成功!",
  "result": "{  \"LogisticCode\" : \"801472610870888955\",  \"ShipperCode\" : \"YTO\",  \"Traces\" : [ {    \"AcceptStation\" : \"【浙江省金华市江南公司】 已收件\",    \"AcceptTime\" : \"2018-09-10 15:05:41\"  }, {    \"AcceptStation\" : \"【浙江省金华市江南公司】 已打包\",    \"AcceptTime\" : \"2018-09-10 15:41:08\"  }, {    \"AcceptStation\" : \"【浙江省金华市江南公司】 已发出 下一站 【金华转运中心】\",    \"AcceptTime\" : \"2018-09-10 15:49:05\"  }, {    \"AcceptStation\" : \"【金华转运中心】 已收入\",    \"AcceptTime\" : \"2018-09-10 19:08:10\"  }, {    \"AcceptStation\" : \"【金华转运中心】 已发出 下一站 【上海转运中心】\",    \"AcceptTime\" : \"2018-09-10 19:09:51\"  }, {    \"AcceptStation\" : \"【上海转运中心】 已发出 下一站 【上海市闸北区彭浦公司】\",    \"AcceptTime\" : \"2018-09-11 02:57:40\"  }, {    \"AcceptStation\" : \"【上海市闸北区彭浦公司】 已收入\",    \"AcceptTime\" : \"2018-09-11 06:18:46\"  }, {    \"AcceptStation\" : \"【上海市闸北区彭浦公司】 派件人: 邓刚 派件中 派件员电话15026930830\",    \"AcceptTime\" : \"2018-09-11 07:48:54\"  }, {    \"AcceptStation\" : \"圆通合作点【点我达】快件已到达骑手正在派送,联系电话15026930830\",    \"AcceptTime\" : \"2018-09-11 07:52:16\"  }, {    \"AcceptStation\" : \"快件已被SH临汾路1320弄小区丰巢【自提柜】代收，请及时取件。有问题请联系派件员15026930830\",    \"AcceptTime\" : \"2018-09-11 11:05:04\"  }, {    \"AcceptStation\" : \"客户 签收人: 本人签收 已签收 感谢使用圆通速递，期待再次为您服务\",    \"AcceptTime\" : \"2018-09-11 13:03:31\"  } ],  \"State\" : \"3\",  \"EBusinessID\" : \"1269020\",  \"Success\" : true}"
}