{
  "httpCode": 200,
  "result": [{
    "group": {
      "id": "81d00a3bdc674b3ea146205d090c93e5",
      "createTime": "2018-09-14 14:47:50",
      "updateTime": null,
      "deleted": false,
      "title": "",
      "context": null,
      "shape": null,
      "sorting": 0,
      "position": null,
      "sellerId": "admin",
      "linkType": "banner",
      "linkId": null,
      "status": 1,
      "image": "https://gtmall.oss-cn-beijing.aliyuncs.com/java/pic/admin/d8853899-1dba-4449-b92f-8ecb71c08d2d.png",
      "linkContent": null,
      "linkContentList": null
    },
    "infos": [{
      "id": "e0eb4ce75f354cc29ce758500e14c091",
      "createTime": "2018-09-14 14:47:50",
      "updateTime": null,
      "deleted": false,
      "title": null,
      "context": "[]",
      "image": "https://gtmall.oss-cn-beijing.aliyuncs.com/java/pic/admin/d8853899-1dba-4449-b92f-8ecb71c08d2d.png",
      "type": "0",
      "linkId": "",
      "sorting": 0,
      "shortName": null,
      "groupId": "81d00a3bdc674b3ea146205d090c93e5",
      "sellerId": "admin",
      "productPageDto": null,
      "productPicture": null,
      "productName": null,
      "productPrice": null
    }, {
      "id": "8c6d1748d1d148058a8828b988909ee3",
      "createTime": "2018-09-14 14:47:50",
      "updateTime": null,
      "deleted": false,
      "title": null,
      "context": "[\"\"]",
      "image": "https://gtmall.oss-cn-beijing.aliyuncs.com/java/pic/admin/3cbd0ea7-65dd-4534-986d-54abce693b66.png",
      "type": "0",
      "linkId": "",
      "sorting": 1,
      "shortName": null,
      "groupId": "81d00a3bdc674b3ea146205d090c93e5",
      "sellerId": "admin",
      "productPageDto": null,
      "productPicture": null,
      "productName": null,
      "productPrice": null
    }]
  }, {
    "group": {
      "id": "96729cf91c1945a498cc5366cba9ca80",
      "createTime": "2018-09-14 14:47:50",
      "updateTime": null,
      "deleted": false,
      "title": "",
      "context": null,
      "shape": null,
      "sorting": 1,
      "position": null,
      "sellerId": "admin",
      "linkType": "shopPromise",
      "linkId": null,
      "status": 1,
      "image": "https://gtmall.oss-cn-beijing.aliyuncs.com/java/pic/admin/0596d2e7-bd29-4d2f-b787-9b066e783415.png",
      "linkContent": null,
      "linkContentList": null
    },
    "infos": [{
      "id": "0045c557396f45b4bdf6198a411ba114",
      "createTime": "2018-09-14 14:47:50",
      "updateTime": null,
      "deleted": false,
      "title": null,
      "context": "正品保障",
      "image": "https://gtmall.oss-cn-beijing.aliyuncs.com/java/pic/admin/0596d2e7-bd29-4d2f-b787-9b066e783415.png",
      "type": "",
      "linkId": "",
      "sorting": 0,
      "shortName": null,
      "groupId": "96729cf91c1945a498cc5366cba9ca80",
      "sellerId": "admin",
      "productPageDto": null,
      "productPicture": null,
      "productName": null,
      "productPrice": null
    }, {
      "id": "61cb33ba90c7482181ebb8486e8d343d",
      "createTime": "2018-09-14 14:47:50",
      "updateTime": null,
      "deleted": false,
      "title": null,
      "context": "全国联保",
      "image": "https://gtmall.oss-cn-beijing.aliyuncs.com/java/pic/admin/2aaf7605-cc34-4758-a0b1-76ddfb340fad.png",
      "type": "",
      "linkId": "",
      "sorting": 1,
      "shortName": null,
      "groupId": "96729cf91c1945a498cc5366cba9ca80",
      "sellerId": "admin",
      "productPageDto": null,
      "productPicture": null,
      "productName": null,
      "productPrice": null
    }, {
      "id": "4997cf74d85641cc91af2212de603280",
      "createTime": "2018-09-14 14:47:50",
      "updateTime": null,
      "deleted": false,
      "title": null,
      "context": "全场包邮",
      "image": "https://gtmall.oss-cn-beijing.aliyuncs.com/java/pic/admin/5087c37e-6f3b-4476-9870-1e4b6675d999.png",
      "type": "",
      "linkId": "",
      "sorting": 2,
      "shortName": null,
      "groupId": "96729cf91c1945a498cc5366cba9ca80",
      "sellerId": "admin",
      "productPageDto": null,
      "productPicture": null,
      "productName": null,
      "productPrice": null
    }, {
      "id": "eb03d5c397284d94ad84b69efdaf69fc",
      "createTime": "2018-09-14 14:47:50",
      "updateTime": null,
      "deleted": false,
      "title": null,
      "context": "实惠便捷",
      "image": "https://gtmall.oss-cn-beijing.aliyuncs.com/java/pic/admin/2277b7a8-cc75-4345-86f0-2adef8141cfc.png",
      "type": "",
      "linkId": "",
      "sorting": 3,
      "shortName": null,
      "groupId": "96729cf91c1945a498cc5366cba9ca80",
      "sellerId": "admin",
      "productPageDto": null,
      "productPicture": null,
      "productName": null,
      "productPrice": null
    }]
  }, {
    "group": {
      "id": "446b47608c7c4364ac5aa791973067a5",
      "createTime": "2018-09-14 14:47:50",
      "updateTime": null,
      "deleted": false,
      "title": "",
      "context": null,
      "shape": null,
      "sorting": 2,
      "position": null,
      "sellerId": "admin",
      "linkType": "bannerNav",
      "linkId": null,
      "status": 1,
      "image": "https://gtmall.oss-cn-beijing.aliyuncs.com/java/pic/admin/79eba6fc-987a-4011-a9c4-deebf263084e.png",
      "linkContent": null,
      "linkContentList": null
    },
    "infos": [{
      "id": "cb0585335f0c4249955db31740fd449a",
      "createTime": "2018-09-14 14:47:50",
      "updateTime": null,
      "deleted": false,
      "title": null,
      "context": "限时特惠",
      "image": "https://gtmall.oss-cn-beijing.aliyuncs.com/java/pic/admin/79eba6fc-987a-4011-a9c4-deebf263084e.png",
      "type": "url",
      "linkId": "./seckill_list.html",
      "sorting": 0,
      "shortName": null,
      "groupId": "446b47608c7c4364ac5aa791973067a5",
      "sellerId": "admin",
      "productPageDto": null,
      "productPicture": null,
      "productName": null,
      "productPrice": null
    }, {
      "id": "2ba8a45b463349eaaa008ed116bdb967",
      "createTime": "2018-09-14 14:47:50",
      "updateTime": null,
      "deleted": false,
      "title": null,
      "context": "热门推荐",
      "image": "https://gtmall.oss-cn-beijing.aliyuncs.com/java/pic/admin/c851f4af-2863-4b63-ab90-4b06af570639.png",
      "type": "url",
      "linkId": "../product/product_list.html",
      "sorting": 1,
      "shortName": null,
      "groupId": "446b47608c7c4364ac5aa791973067a5",
      "sellerId": "admin",
      "productPageDto": null,
      "productPicture": null,
      "productName": null,
      "productPrice": null
    }, {
      "id": "7534fe83bfe448fd86e2bac1e8e075c3",
      "createTime": "2018-09-14 14:47:50",
      "updateTime": null,
      "deleted": false,
      "title": null,
      "context": "品牌专区",
      "image": "https://gtmall.oss-cn-beijing.aliyuncs.com/java/pic/admin/4d0c3490-6d35-4e08-92ca-1428002e06ea.png",
      "type": "url",
      "linkId": "brand_list.html",
      "sorting": 2,
      "shortName": null,
      "groupId": "446b47608c7c4364ac5aa791973067a5",
      "sellerId": "admin",
      "productPageDto": null,
      "productPicture": null,
      "productName": null,
      "productPrice": null
    }, {
      "id": "899bf232b93f4e78b2b706d3b10420c1",
      "createTime": "2018-09-14 14:47:50",
      "updateTime": null,
      "deleted": false,
      "title": null,
      "context": "手机充值",
      "image": "https://gtmall.oss-cn-beijing.aliyuncs.com/java/pic/admin/6f0110e7-57f5-4f6f-bae4-19baed6ec1f8.png",
      "type": "url",
      "linkId": "./fictitious/fictitious_tel.html",
      "sorting": 3,
      "shortName": null,
      "groupId": "446b47608c7c4364ac5aa791973067a5",
      "sellerId": "admin",
      "productPageDto": null,
      "productPicture": null,
      "productName": null,
      "productPrice": null
    }, {
      "id": "3825cfc88abf46a4aba391a2a662b89f",
      "createTime": "2018-09-14 14:47:50",
      "updateTime": null,
      "deleted": false,
      "title": null,
      "context": "我能兑换",
      "image": "https://gtmall.oss-cn-beijing.aliyuncs.com/java/pic/admin/912fa8bf-f9e6-439a-bdce-a63fadc32adf.png",
      "type": "url",
      "linkId": "../product/product_item.html",
      "sorting": 4,
      "shortName": null,
      "groupId": "446b47608c7c4364ac5aa791973067a5",
      "sellerId": "admin",
      "productPageDto": null,
      "productPicture": null,
      "productName": null,
      "productPrice": null
    }]
  }, {
    "group": {
      "id": "da86dda5417c4e90b106252a2df7da3b",
      "createTime": "2018-09-14 14:47:50",
      "updateTime": null,
      "deleted": false,
      "title": "",
      "context": null,
      "shape": null,
      "sorting": 3,
      "position": null,
      "sellerId": "admin",
      "linkType": "titleImg",
      "linkId": null,
      "status": 1,
      "image": "https://gtmall.oss-cn-beijing.aliyuncs.com/java/pic/admin/60fe5f39-e0df-4de4-acfb-c02607e3fc61.png",
      "linkContent": null,
      "linkContentList": null
    },
    "infos": [{
      "id": "ae81f9a5ba7e4f09804e3c3e272c8180",
      "createTime": "2018-09-14 14:47:50",
      "updateTime": null,
      "deleted": false,
      "title": null,
      "context": null,
      "image": "https://gtmall.oss-cn-beijing.aliyuncs.com/java/pic/admin/60fe5f39-e0df-4de4-acfb-c02607e3fc61.png",
      "type": "",
      "linkId": "",
      "sorting": 0,
      "shortName": null,
      "groupId": "da86dda5417c4e90b106252a2df7da3b",
      "sellerId": "admin",
      "productPageDto": null,
      "productPicture": null,
      "productName": null,
      "productPrice": null
    }]
  }, {
    "group": {
      "id": "000e54a5d9734d31858519085d73e311",
      "createTime": "2018-09-14 14:47:50",
      "updateTime": null,
      "deleted": false,
      "title": "",
      "context": null,
      "shape": null,
      "sorting": 4,
      "position": null,
      "sellerId": "admin",
      "linkType": "baokuan",
      "linkId": null,
      "status": 1,
      "image": "https://gtmall.oss-cn-beijing.aliyuncs.com/platform/image/imageAA.png",
      "linkContent": null,
      "linkContentList": null
    },
    "infos": [{
      "id": "b1a710f6cc45486091e4fa3ca61ef2cd",
      "createTime": "2018-09-14 14:47:50",
      "updateTime": null,
      "deleted": false,
      "title": null,
      "context": null,
      "image": null,
      "type": "goods",
      "linkId": "4ccfa88effac4268b2ef8585ba21e377",
      "sorting": 0,
      "shortName": null,
      "groupId": "000e54a5d9734d31858519085d73e311",
      "sellerId": "admin",
      "productPageDto": {
        "id": "4ccfa88effac4268b2ef8585ba21e377",
        "createTime": "2018-09-13 14:45:05",
        "updateTime": "2018-09-14 16:20:36",
        "deleted": false,
        "minPrice": 500,
        "maxPrice": 500,
        "afterSale": "<p>我们不提供任何售后服务</p><p>请勿走火入魔</p><p><img src=\"http://img.baidu.com/hi/jx2/j_0014.gif\"/></p>",
        "barCode": "67555666",
        "earlyWarningLev": null,
        "skuDto": null,
        "productNumber": "",
        "productDateValidity": null,
        "supportRefunds": 1,
        "picsList": null,
        "fictitious": false,
        "fictitiousType": 1,
        "categoryList": null,
        "categoryLev": "0020",
        "spuList": null,
        "spuAttrList": null,
        "skuList": null,
        "seller": null,
        "picBase64": null,
        "salesVolume": null,
        "productCategory": null,
        "productSku": null,
        "productSpu": null,
        "productSpuAttr": null,
        "recommend": false,
        "commodityReleaseStatus": 3,
        "commodityReleaseTime": null,
        "shopGroupId": null,
        "commodityWeight": 500,
        "sellerNo": "001",
        "earlyWarningValue": 8,
        "stagingNum": null,
        "instalmentPrice": null,
        "costPrice": 100,
        "sellerId": "e6664db2786d405a9843fd098f8a7d50",
        "shopId": "e6664db2786d405a9843fd098f8a7d50",
        "name": "九阴真经",
        "number": "p2018091314450511",
        "mainPic": "https://gtmall.oss-cn-beijing.aliyuncs.com/java/pic/e6664db2786d405a9843fd098f8a7d50/5108dd26-3ca9-473f-a86a-e56aa1fdd70e.jpg",
        "pics": "[https://gtmall.oss-cn-beijing.aliyuncs.com/java/pic/e6664db2786d405a9843fd098f8a7d50/c85e02bc-15bf-4f5d-b5fb-a43a32dd6886.jpg, https://gtmall.oss-cn-beijing.aliyuncs.com/java/pic/e6664db2786d405a9843fd098f8a7d50/f3d9e599-b51b-4bae-88de-42279916c1bc.jpg, https://gtmall.oss-cn-beijing.aliyuncs.com/java/pic/e6664db2786d405a9843fd098f8a7d50/4781471b-b2f2-4e59-91d3-b77ed5424c4b.jpg, https://gtmall.oss-cn-beijing.aliyuncs.com/java/pic/e6664db2786d405a9843fd098f8a7d50/9ffd49bf-e238-49e2-90ab-8bf92f4bbd02.jpg]",
        "description": "",
        "context": "<p>欲练神功</p><p>=====</p><p>先打开第一页看看</p><p><img src=\"http://img.baidu.com/hi/jx2/j_0013.gif\"/></p><p><img src=\"http://img.baidu.com/hi/jx2/j_0011.gif\"/></p>",
        "originPrice": 600,
        "brokerage": null,
        "commission": 0,
        "price": 500,
        "freightTemplateId": "8e1d1890856147d893c55d5f9f70dcb1",
        "brandsId": "666e841479e2445a884a9a4aeb25af0a",
        "area": "",
        "stock": 999,
        "type": null,
        "limitNumber": null,
        "status": "OnShelf",
        "approvalContext": null,
        "approvalType": "1",
        "downShelfTime": null,
        "downShelfReason": null,
        "onShelfTime": null,
        "isGifts": null,
        "groupId": null,
        "categoryId": "fb309b91ae07465b85dafcf86ebc30d6",
        "ratePercent": null,
        "shopCode": null,
        "shopName": null,
        "lev1category": null,
        "lev2category": null,
        "lev3category": null,
        "brandsName": null,
        "specificationsDescription": null,
        "collectCount": null,
        "salesMoney": null,
        "totalShareCount": null,
        "totalShareSalesVolumn": null,
        "totalShareSalesMoney": null,
        "url": null
      },
      "productPicture": "https://gtmall.oss-cn-beijing.aliyuncs.com/java/pic/e6664db2786d405a9843fd098f8a7d50/5108dd26-3ca9-473f-a86a-e56aa1fdd70e.jpg",
      "productName": "九阴真经",
      "productPrice": 500
    }, {
      "id": "0b303fca886541a5ba677b53a7b3042b",
      "createTime": "2018-09-14 14:47:50",
      "updateTime": null,
      "deleted": false,
      "title": null,
      "context": null,
      "image": null,
      "type": "goods",
      "linkId": "a1f2bcd5f16a469482dee7b3a9ee160f",
      "sorting": 1,
      "shortName": null,
      "groupId": "000e54a5d9734d31858519085d73e311",
      "sellerId": "admin",
      "productPageDto": {
        "id": "a1f2bcd5f16a469482dee7b3a9ee160f",
        "createTime": "2018-09-14 10:00:00",
        "updateTime": "2018-09-14 16:21:07",
        "deleted": false,
        "minPrice": 15000,
        "maxPrice": 15000,
        "afterSale": "",
        "barCode": "6677",
        "earlyWarningLev": null,
        "skuDto": null,
        "productNumber": "",
        "productDateValidity": null,
        "supportRefunds": 1,
        "picsList": null,
        "fictitious": false,
        "fictitiousType": 1,
        "categoryList": null,
        "categoryLev": "0020",
        "spuList": null,
        "spuAttrList": null,
        "skuList": null,
        "seller": null,
        "picBase64": null,
        "salesVolume": null,
        "productCategory": null,
        "productSku": null,
        "productSpu": null,
        "productSpuAttr": null,
        "recommend": false,
        "commodityReleaseStatus": 3,
        "commodityReleaseTime": null,
        "shopGroupId": null,
        "commodityWeight": 0,
        "sellerNo": "001",
        "earlyWarningValue": 99,
        "stagingNum": null,
        "instalmentPrice": null,
        "costPrice": 100,
        "sellerId": "e6664db2786d405a9843fd098f8a7d50",
        "shopId": "e6664db2786d405a9843fd098f8a7d50",
        "name": "如来神掌",
        "number": "p2018091410000020",
        "mainPic": "https://gtmall.oss-cn-beijing.aliyuncs.com/java/pic/e6664db2786d405a9843fd098f8a7d50/4b3ff680-e144-4542-a3c1-e34e225a7747.jpg",
        "pics": "[https://gtmall.oss-cn-beijing.aliyuncs.com/java/pic/e6664db2786d405a9843fd098f8a7d50/4a295971-a1b4-49f7-9517-63945adca35d.jpg, https://gtmall.oss-cn-beijing.aliyuncs.com/java/pic/e6664db2786d405a9843fd098f8a7d50/5dcc69f7-1133-468a-aa7d-d7c1af9667e3.jpg, https://gtmall.oss-cn-beijing.aliyuncs.com/java/pic/e6664db2786d405a9843fd098f8a7d50/acfe5cd9-22ca-496f-a63c-0362ad0f24c0.jpg, https://gtmall.oss-cn-beijing.aliyuncs.com/java/pic/e6664db2786d405a9843fd098f8a7d50/265861c8-172a-4dbd-834f-ec9aec2c76f9.jpg]",
        "description": "",
        "context": "<p>如来神掌神功秘籍，内功心法，先到先得</p>",
        "originPrice": 16000,
        "brokerage": null,
        "commission": 0,
        "price": 15000,
        "freightTemplateId": "8e1d1890856147d893c55d5f9f70dcb1",
        "brandsId": "666e841479e2445a884a9a4aeb25af0a",
        "area": "",
        "stock": 999,
        "type": null,
        "limitNumber": null,
        "status": "OnShelf",
        "approvalContext": null,
        "approvalType": "1",
        "downShelfTime": null,
        "downShelfReason": null,
        "onShelfTime": null,
        "isGifts": null,
        "groupId": null,
        "categoryId": "fb309b91ae07465b85dafcf86ebc30d6",
        "ratePercent": null,
        "shopCode": null,
        "shopName": null,
        "lev1category": null,
        "lev2category": null,
        "lev3category": null,
        "brandsName": null,
        "specificationsDescription": null,
        "collectCount": null,
        "salesMoney": null,
        "totalShareCount": null,
        "totalShareSalesVolumn": null,
        "totalShareSalesMoney": null,
        "url": null
      },
      "productPicture": "https://gtmall.oss-cn-beijing.aliyuncs.com/java/pic/e6664db2786d405a9843fd098f8a7d50/4b3ff680-e144-4542-a3c1-e34e225a7747.jpg",
      "productName": "如来神掌",
      "productPrice": 15000
    }, {
      "id": "8e80f9ea6c804c86964fbf1c95df5947",
      "createTime": "2018-09-14 14:47:50",
      "updateTime": null,
      "deleted": false,
      "title": null,
      "context": null,
      "image": null,
      "type": "goods",
      "linkId": "fb8d3e425b4f4482b0bfa52d842f5bda",
      "sorting": 2,
      "shortName": null,
      "groupId": "000e54a5d9734d31858519085d73e311",
      "sellerId": "admin",
      "productPageDto": {
        "id": "fb8d3e425b4f4482b0bfa52d842f5bda",
        "createTime": "2018-09-14 11:12:58",
        "updateTime": "2018-09-14 11:30:11",
        "deleted": false,
        "minPrice": 99900,
        "maxPrice": 99900,
        "afterSale": "<p>菠萝菠萝蜜</p>",
        "barCode": "6666",
        "earlyWarningLev": null,
        "skuDto": null,
        "productNumber": "",
        "productDateValidity": null,
        "supportRefunds": 1,
        "picsList": null,
        "fictitious": false,
        "fictitiousType": 1,
        "categoryList": null,
        "categoryLev": "0020",
        "spuList": null,
        "spuAttrList": null,
        "skuList": null,
        "seller": null,
        "picBase64": null,
        "salesVolume": null,
        "productCategory": null,
        "productSku": null,
        "productSpu": null,
        "productSpuAttr": null,
        "recommend": false,
        "commodityReleaseStatus": 3,
        "commodityReleaseTime": null,
        "shopGroupId": null,
        "commodityWeight": 500,
        "sellerNo": "003",
        "earlyWarningValue": 99,
        "stagingNum": null,
        "instalmentPrice": null,
        "costPrice": 0,
        "sellerId": "e6664db2786d405a9843fd098f8a7d50",
        "shopId": "e6664db2786d405a9843fd098f8a7d50",
        "name": "大梵般若心经",
        "number": "p2018091411125721",
        "mainPic": "https://gtmall.oss-cn-beijing.aliyuncs.com/java/pic/e6664db2786d405a9843fd098f8a7d50/5af0f548-d726-4f78-9549-46ab907134df.jpg",
        "pics": "[https://gtmall.oss-cn-beijing.aliyuncs.com/java/pic/e6664db2786d405a9843fd098f8a7d50/d31c49a2-dad0-4bfd-94be-9a7803a05dc0.jpg, https://gtmall.oss-cn-beijing.aliyuncs.com/java/pic/e6664db2786d405a9843fd098f8a7d50/93d11a00-20d9-438d-811e-69ed8fed74d9.jpg, https://gtmall.oss-cn-beijing.aliyuncs.com/java/pic/e6664db2786d405a9843fd098f8a7d50/ea185aee-172c-4426-8e12-0b51bbbd2dad.jpg, https://gtmall.oss-cn-beijing.aliyuncs.com/java/pic/e6664db2786d405a9843fd098f8a7d50/baac94e8-7a39-469b-936b-f6d09bf5d4f1.jpg]",
        "description": "",
        "context": "<p>至高道法《打饭般弱心经》现限量出售。如练此功，必将飞升。</p>",
        "originPrice": 199900,
        "brokerage": null,
        "commission": 0,
        "price": 99900,
        "freightTemplateId": "8e1d1890856147d893c55d5f9f70dcb1",
        "brandsId": "666e841479e2445a884a9a4aeb25af0a",
        "area": "",
        "stock": 999,
        "type": null,
        "limitNumber": null,
        "status": "OnShelf",
        "approvalContext": null,
        "approvalType": "1",
        "downShelfTime": null,
        "downShelfReason": null,
        "onShelfTime": null,
        "isGifts": null,
        "groupId": null,
        "categoryId": "fb309b91ae07465b85dafcf86ebc30d6",
        "ratePercent": null,
        "shopCode": null,
        "shopName": null,
        "lev1category": null,
        "lev2category": null,
        "lev3category": null,
        "brandsName": null,
        "specificationsDescription": null,
        "collectCount": null,
        "salesMoney": null,
        "totalShareCount": null,
        "totalShareSalesVolumn": null,
        "totalShareSalesMoney": null,
        "url": null
      },
      "productPicture": "https://gtmall.oss-cn-beijing.aliyuncs.com/java/pic/e6664db2786d405a9843fd098f8a7d50/5af0f548-d726-4f78-9549-46ab907134df.jpg",
      "productName": "大梵般若心经",
      "productPrice": 99900
    }, {
      "id": "0d58b4fa350441489c677cdb938d6a7b",
      "createTime": "2018-09-14 14:47:50",
      "updateTime": null,
      "deleted": false,
      "title": null,
      "context": null,
      "image": null,
      "type": "goods",
      "linkId": "fba0007867844efab1ec4a11c41d3ccd",
      "sorting": 3,
      "shortName": null,
      "groupId": "000e54a5d9734d31858519085d73e311",
      "sellerId": "admin",
      "productPageDto": {
        "id": "fba0007867844efab1ec4a11c41d3ccd",
        "createTime": "2018-09-13 15:54:11",
        "updateTime": "2018-09-14 11:08:06",
        "deleted": false,
        "minPrice": 6000000,
        "maxPrice": 6000000,
        "afterSale": "<p>飒沓</p>",
        "barCode": "6666",
        "earlyWarningLev": null,
        "skuDto": null,
        "productNumber": "565656",
        "productDateValidity": "2025-09-30 00:00:00",
        "supportRefunds": 1,
        "picsList": null,
        "fictitious": true,
        "fictitiousType": 1,
        "categoryList": null,
        "categoryLev": "0020",
        "spuList": null,
        "spuAttrList": null,
        "skuList": null,
        "seller": null,
        "picBase64": null,
        "salesVolume": null,
        "productCategory": null,
        "productSku": null,
        "productSpu": null,
        "productSpuAttr": null,
        "recommend": false,
        "commodityReleaseStatus": 3,
        "commodityReleaseTime": null,
        "shopGroupId": null,
        "commodityWeight": 0,
        "sellerNo": "",
        "earlyWarningValue": 9,
        "stagingNum": null,
        "instalmentPrice": null,
        "costPrice": 10000,
        "sellerId": "e6664db2786d405a9843fd098f8a7d50",
        "shopId": "e6664db2786d405a9843fd098f8a7d50",
        "name": "九阴真经半年学费",
        "number": "p2018091315541113",
        "mainPic": "https://gtmall.oss-cn-beijing.aliyuncs.com/java/pic/e6664db2786d405a9843fd098f8a7d50/c939aae3-2360-43ca-8b33-c516a810ca67.jpg",
        "pics": "[https://gtmall.oss-cn-beijing.aliyuncs.com/java/pic/e6664db2786d405a9843fd098f8a7d50/e0f0d208-5118-4288-8c44-05d026fc12b6.jpg, https://gtmall.oss-cn-beijing.aliyuncs.com/java/pic/e6664db2786d405a9843fd098f8a7d50/5948ef68-39a3-4029-a5cb-72116143d1e9.jpg, https://gtmall.oss-cn-beijing.aliyuncs.com/java/pic/e6664db2786d405a9843fd098f8a7d50/13c100c6-4e43-4a90-a3e8-9ec79f41ac0d.jpg, https://gtmall.oss-cn-beijing.aliyuncs.com/java/pic/e6664db2786d405a9843fd098f8a7d50/a00004a9-89b8-4160-a25d-b24da42dd17f.jpg]",
        "description": "",
        "context": "<p>是再撒上擦啥</p>",
        "originPrice": 700000000,
        "brokerage": null,
        "commission": 0,
        "price": 600000000,
        "freightTemplateId": "8e1d1890856147d893c55d5f9f70dcb1",
        "brandsId": "666e841479e2445a884a9a4aeb25af0a",
        "area": "",
        "stock": 9999,
        "type": null,
        "limitNumber": null,
        "status": "OnShelf",
        "approvalContext": null,
        "approvalType": "1",
        "downShelfTime": null,
        "downShelfReason": null,
        "onShelfTime": null,
        "isGifts": null,
        "groupId": null,
        "categoryId": "fb309b91ae07465b85dafcf86ebc30d6",
        "ratePercent": null,
        "shopCode": null,
        "shopName": null,
        "lev1category": null,
        "lev2category": null,
        "lev3category": null,
        "brandsName": null,
        "specificationsDescription": null,
        "collectCount": null,
        "salesMoney": null,
        "totalShareCount": null,
        "totalShareSalesVolumn": null,
        "totalShareSalesMoney": null,
        "url": null
      },
      "productPicture": "https://gtmall.oss-cn-beijing.aliyuncs.com/java/pic/e6664db2786d405a9843fd098f8a7d50/c939aae3-2360-43ca-8b33-c516a810ca67.jpg",
      "productName": "九阴真经半年学费",
      "productPrice": 600000000
    }, {
      "id": "07b7004fd5a945d2b2361e3509962bb7",
      "createTime": "2018-09-14 14:47:50",
      "updateTime": null,
      "deleted": false,
      "title": null,
      "context": null,
      "image": null,
      "type": "goods",
      "linkId": "a1d8c66cdf8e4a0797ffce528c3e2322",
      "sorting": 4,
      "shortName": null,
      "groupId": "000e54a5d9734d31858519085d73e311",
      "sellerId": "admin",
      "productPageDto": {
        "id": "a1d8c66cdf8e4a0797ffce528c3e2322",
        "createTime": "2018-09-14 11:27:47",
        "updateTime": "2018-09-14 16:20:58",
        "deleted": false,
        "minPrice": 99900,
        "maxPrice": 99900,
        "afterSale": "",
        "barCode": "6666",
        "earlyWarningLev": null,
        "skuDto": null,
        "productNumber": "",
        "productDateValidity": null,
        "supportRefunds": 1,
        "picsList": null,
        "fictitious": false,
        "fictitiousType": 1,
        "categoryList": null,
        "categoryLev": "0020",
        "spuList": null,
        "spuAttrList": null,
        "skuList": null,
        "seller": null,
        "picBase64": null,
        "salesVolume": null,
        "productCategory": null,
        "productSku": null,
        "productSpu": null,
        "productSpuAttr": null,
        "recommend": false,
        "commodityReleaseStatus": 3,
        "commodityReleaseTime": null,
        "shopGroupId": null,
        "commodityWeight": 500,
        "sellerNo": "004",
        "earlyWarningValue": 99,
        "stagingNum": null,
        "instalmentPrice": null,
        "costPrice": 100,
        "sellerId": "e6664db2786d405a9843fd098f8a7d50",
        "shopId": "e6664db2786d405a9843fd098f8a7d50",
        "name": "金刚经",
        "number": "p2018091411274622",
        "mainPic": "https://gtmall.oss-cn-beijing.aliyuncs.com/java/pic/e6664db2786d405a9843fd098f8a7d50/c2795ac3-e312-48af-ad2e-d340ec2963f7.jpg",
        "pics": "[https://gtmall.oss-cn-beijing.aliyuncs.com/java/pic/e6664db2786d405a9843fd098f8a7d50/fd4a47fd-1ddb-407b-b245-7e95fa6e6ea2.jpg, https://gtmall.oss-cn-beijing.aliyuncs.com/java/pic/e6664db2786d405a9843fd098f8a7d50/5b7fbaa7-07bd-460f-aa83-a38cefefb54a.jpg, https://gtmall.oss-cn-beijing.aliyuncs.com/java/pic/e6664db2786d405a9843fd098f8a7d50/4aa025d9-f259-418a-9c34-e342e6928ad8.jpg, https://gtmall.oss-cn-beijing.aliyuncs.com/java/pic/e6664db2786d405a9843fd098f8a7d50/77541bd3-2cf6-4c2c-bde8-f6d46ec3eed4.jpg]",
        "description": "",
        "context": "<p>少林寺至上内功《金刚经》限时出售。</p><p>如练此功，百毒不侵。</p><p><img src=\"http://img.baidu.com/hi/jx2/j_0003.gif\"/></p>",
        "originPrice": 199900,
        "brokerage": null,
        "commission": 0,
        "price": 99900,
        "freightTemplateId": "8e1d1890856147d893c55d5f9f70dcb1",
        "brandsId": "666e841479e2445a884a9a4aeb25af0a",
        "area": "",
        "stock": 9999,
        "type": null,
        "limitNumber": null,
        "status": "OnShelf",
        "approvalContext": null,
        "approvalType": "1",
        "downShelfTime": null,
        "downShelfReason": null,
        "onShelfTime": null,
        "isGifts": null,
        "groupId": null,
        "categoryId": "fb309b91ae07465b85dafcf86ebc30d6",
        "ratePercent": null,
        "shopCode": null,
        "shopName": null,
        "lev1category": null,
        "lev2category": null,
        "lev3category": null,
        "brandsName": null,
        "specificationsDescription": null,
        "collectCount": null,
        "salesMoney": null,
        "totalShareCount": null,
        "totalShareSalesVolumn": null,
        "totalShareSalesMoney": null,
        "url": null
      },
      "productPicture": "https://gtmall.oss-cn-beijing.aliyuncs.com/java/pic/e6664db2786d405a9843fd098f8a7d50/c2795ac3-e312-48af-ad2e-d340ec2963f7.jpg",
      "productName": "金刚经",
      "productPrice": 99900
    }]
  }, {
    "group": {
      "id": "a0972be72d28489da2ce5f771c4c01f1",
      "createTime": "2018-09-14 14:47:50",
      "updateTime": null,
      "deleted": false,
      "title": "",
      "context": null,
      "shape": null,
      "sorting": 5,
      "position": null,
      "sellerId": "admin",
      "linkType": "titleImg",
      "linkId": null,
      "status": 1,
      "image": "https://gtmall.oss-cn-beijing.aliyuncs.com/java/pic/admin/9857cb80-8105-460c-9b4a-0c21056d580b.png",
      "linkContent": null,
      "linkContentList": null
    },
    "infos": [{
      "id": "2ced986a809c41a5860f437e7b32e7ba",
      "createTime": "2018-09-14 14:47:50",
      "updateTime": null,
      "deleted": false,
      "title": null,
      "context": null,
      "image": "https://gtmall.oss-cn-beijing.aliyuncs.com/java/pic/admin/9857cb80-8105-460c-9b4a-0c21056d580b.png",
      "type": "",
      "linkId": "",
      "sorting": 0,
      "shortName": null,
      "groupId": "a0972be72d28489da2ce5f771c4c01f1",
      "sellerId": "admin",
      "productPageDto": null,
      "productPicture": null,
      "productName": null,
      "productPrice": null
    }]
  }, {
    "group": {
      "id": "bf66e2c4045d4c5d89ba2fe1d562c968",
      "createTime": "2018-09-14 14:47:50",
      "updateTime": null,
      "deleted": false,
      "title": "",
      "context": null,
      "shape": null,
      "sorting": 6,
      "position": null,
      "sellerId": "admin",
      "linkType": "templateImg",
      "linkId": null,
      "status": 1,
      "image": "https://gtmall.oss-cn-beijing.aliyuncs.com/java/pic/admin/cf7262ba-84a1-4044-94f2-187cca6624e6.png",
      "linkContent": null,
      "linkContentList": null
    },
    "infos": [{
      "id": "5887570beb3f4be7b478596db12b7b6b",
      "createTime": "2018-09-14 14:47:50",
      "updateTime": null,
      "deleted": false,
      "title": null,
      "context": null,
      "image": "https://gtmall.oss-cn-beijing.aliyuncs.com/java/pic/admin/cf7262ba-84a1-4044-94f2-187cca6624e6.png",
      "type": "",
      "linkId": "",
      "sorting": 0,
      "shortName": null,
      "groupId": "bf66e2c4045d4c5d89ba2fe1d562c968",
      "sellerId": "admin",
      "productPageDto": null,
      "productPicture": null,
      "productName": null,
      "productPrice": null
    }]
  }, {
    "group": {
      "id": "8fabfa8453d04b7a857c0397b866f072",
      "createTime": "2018-09-14 14:47:50",
      "updateTime": null,
      "deleted": false,
      "title": "",
      "context": null,
      "shape": null,
      "sorting": 7,
      "position": null,
      "sellerId": "admin",
      "linkType": "listTwo",
      "linkId": null,
      "status": 1,
      "image": "https://gtmall.oss-cn-beijing.aliyuncs.com/platform/image/imageAA.png",
      "linkContent": null,
      "linkContentList": null
    },
    "infos": [{
      "id": "c88c478c5b2d4f4f975ca0194fc95cdd",
      "createTime": "2018-09-14 14:47:50",
      "updateTime": null,
      "deleted": false,
      "title": null,
      "context": null,
      "image": null,
      "type": "goods",
      "linkId": "a1d8c66cdf8e4a0797ffce528c3e2322",
      "sorting": 0,
      "shortName": null,
      "groupId": "8fabfa8453d04b7a857c0397b866f072",
      "sellerId": "admin",
      "productPageDto": {
        "id": "a1d8c66cdf8e4a0797ffce528c3e2322",
        "createTime": "2018-09-14 11:27:47",
        "updateTime": "2018-09-14 16:20:58",
        "deleted": false,
        "minPrice": 99900,
        "maxPrice": 99900,
        "afterSale": "",
        "barCode": "6666",
        "earlyWarningLev": null,
        "skuDto": null,
        "productNumber": "",
        "productDateValidity": null,
        "supportRefunds": 1,
        "picsList": null,
        "fictitious": false,
        "fictitiousType": 1,
        "categoryList": null,
        "categoryLev": "0020",
        "spuList": null,
        "spuAttrList": null,
        "skuList": null,
        "seller": null,
        "picBase64": null,
        "salesVolume": null,
        "productCategory": null,
        "productSku": null,
        "productSpu": null,
        "productSpuAttr": null,
        "recommend": false,
        "commodityReleaseStatus": 3,
        "commodityReleaseTime": null,
        "shopGroupId": null,
        "commodityWeight": 500,
        "sellerNo": "004",
        "earlyWarningValue": 99,
        "stagingNum": null,
        "instalmentPrice": null,
        "costPrice": 100,
        "sellerId": "e6664db2786d405a9843fd098f8a7d50",
        "shopId": "e6664db2786d405a9843fd098f8a7d50",
        "name": "金刚经",
        "number": "p2018091411274622",
        "mainPic": "https://gtmall.oss-cn-beijing.aliyuncs.com/java/pic/e6664db2786d405a9843fd098f8a7d50/c2795ac3-e312-48af-ad2e-d340ec2963f7.jpg",
        "pics": "[https://gtmall.oss-cn-beijing.aliyuncs.com/java/pic/e6664db2786d405a9843fd098f8a7d50/fd4a47fd-1ddb-407b-b245-7e95fa6e6ea2.jpg, https://gtmall.oss-cn-beijing.aliyuncs.com/java/pic/e6664db2786d405a9843fd098f8a7d50/5b7fbaa7-07bd-460f-aa83-a38cefefb54a.jpg, https://gtmall.oss-cn-beijing.aliyuncs.com/java/pic/e6664db2786d405a9843fd098f8a7d50/4aa025d9-f259-418a-9c34-e342e6928ad8.jpg, https://gtmall.oss-cn-beijing.aliyuncs.com/java/pic/e6664db2786d405a9843fd098f8a7d50/77541bd3-2cf6-4c2c-bde8-f6d46ec3eed4.jpg]",
        "description": "",
        "context": "<p>少林寺至上内功《金刚经》限时出售。</p><p>如练此功，百毒不侵。</p><p><img src=\"http://img.baidu.com/hi/jx2/j_0003.gif\"/></p>",
        "originPrice": 199900,
        "brokerage": null,
        "commission": 0,
        "price": 99900,
        "freightTemplateId": "8e1d1890856147d893c55d5f9f70dcb1",
        "brandsId": "666e841479e2445a884a9a4aeb25af0a",
        "area": "",
        "stock": 9999,
        "type": null,
        "limitNumber": null,
        "status": "OnShelf",
        "approvalContext": null,
        "approvalType": "1",
        "downShelfTime": null,
        "downShelfReason": null,
        "onShelfTime": null,
        "isGifts": null,
        "groupId": null,
        "categoryId": "fb309b91ae07465b85dafcf86ebc30d6",
        "ratePercent": null,
        "shopCode": null,
        "shopName": null,
        "lev1category": null,
        "lev2category": null,
        "lev3category": null,
        "brandsName": null,
        "specificationsDescription": null,
        "collectCount": null,
        "salesMoney": null,
        "totalShareCount": null,
        "totalShareSalesVolumn": null,
        "totalShareSalesMoney": null,
        "url": null
      },
      "productPicture": "https://gtmall.oss-cn-beijing.aliyuncs.com/java/pic/e6664db2786d405a9843fd098f8a7d50/c2795ac3-e312-48af-ad2e-d340ec2963f7.jpg",
      "productName": "金刚经",
      "productPrice": 99900
    }, {
      "id": "93f309f5eeee4cba8c8fd2c273004c3b",
      "createTime": "2018-09-14 14:47:50",
      "updateTime": null,
      "deleted": false,
      "title": null,
      "context": null,
      "image": null,
      "type": "goods",
      "linkId": "4ccfa88effac4268b2ef8585ba21e377",
      "sorting": 1,
      "shortName": null,
      "groupId": "8fabfa8453d04b7a857c0397b866f072",
      "sellerId": "admin",
      "productPageDto": {
        "id": "4ccfa88effac4268b2ef8585ba21e377",
        "createTime": "2018-09-13 14:45:05",
        "updateTime": "2018-09-14 16:20:36",
        "deleted": false,
        "minPrice": 500,
        "maxPrice": 500,
        "afterSale": "<p>我们不提供任何售后服务</p><p>请勿走火入魔</p><p><img src=\"http://img.baidu.com/hi/jx2/j_0014.gif\"/></p>",
        "barCode": "67555666",
        "earlyWarningLev": null,
        "skuDto": null,
        "productNumber": "",
        "productDateValidity": null,
        "supportRefunds": 1,
        "picsList": null,
        "fictitious": false,
        "fictitiousType": 1,
        "categoryList": null,
        "categoryLev": "0020",
        "spuList": null,
        "spuAttrList": null,
        "skuList": null,
        "seller": null,
        "picBase64": null,
        "salesVolume": null,
        "productCategory": null,
        "productSku": null,
        "productSpu": null,
        "productSpuAttr": null,
        "recommend": false,
        "commodityReleaseStatus": 3,
        "commodityReleaseTime": null,
        "shopGroupId": null,
        "commodityWeight": 500,
        "sellerNo": "001",
        "earlyWarningValue": 8,
        "stagingNum": null,
        "instalmentPrice": null,
        "costPrice": 100,
        "sellerId": "e6664db2786d405a9843fd098f8a7d50",
        "shopId": "e6664db2786d405a9843fd098f8a7d50",
        "name": "九阴真经",
        "number": "p2018091314450511",
        "mainPic": "https://gtmall.oss-cn-beijing.aliyuncs.com/java/pic/e6664db2786d405a9843fd098f8a7d50/5108dd26-3ca9-473f-a86a-e56aa1fdd70e.jpg",
        "pics": "[https://gtmall.oss-cn-beijing.aliyuncs.com/java/pic/e6664db2786d405a9843fd098f8a7d50/c85e02bc-15bf-4f5d-b5fb-a43a32dd6886.jpg, https://gtmall.oss-cn-beijing.aliyuncs.com/java/pic/e6664db2786d405a9843fd098f8a7d50/f3d9e599-b51b-4bae-88de-42279916c1bc.jpg, https://gtmall.oss-cn-beijing.aliyuncs.com/java/pic/e6664db2786d405a9843fd098f8a7d50/4781471b-b2f2-4e59-91d3-b77ed5424c4b.jpg, https://gtmall.oss-cn-beijing.aliyuncs.com/java/pic/e6664db2786d405a9843fd098f8a7d50/9ffd49bf-e238-49e2-90ab-8bf92f4bbd02.jpg]",
        "description": "",
        "context": "<p>欲练神功</p><p>=====</p><p>先打开第一页看看</p><p><img src=\"http://img.baidu.com/hi/jx2/j_0013.gif\"/></p><p><img src=\"http://img.baidu.com/hi/jx2/j_0011.gif\"/></p>",
        "originPrice": 600,
        "brokerage": null,
        "commission": 0,
        "price": 500,
        "freightTemplateId": "8e1d1890856147d893c55d5f9f70dcb1",
        "brandsId": "666e841479e2445a884a9a4aeb25af0a",
        "area": "",
        "stock": 999,
        "type": null,
        "limitNumber": null,
        "status": "OnShelf",
        "approvalContext": null,
        "approvalType": "1",
        "downShelfTime": null,
        "downShelfReason": null,
        "onShelfTime": null,
        "isGifts": null,
        "groupId": null,
        "categoryId": "fb309b91ae07465b85dafcf86ebc30d6",
        "ratePercent": null,
        "shopCode": null,
        "shopName": null,
        "lev1category": null,
        "lev2category": null,
        "lev3category": null,
        "brandsName": null,
        "specificationsDescription": null,
        "collectCount": null,
        "salesMoney": null,
        "totalShareCount": null,
        "totalShareSalesVolumn": null,
        "totalShareSalesMoney": null,
        "url": null
      },
      "productPicture": "https://gtmall.oss-cn-beijing.aliyuncs.com/java/pic/e6664db2786d405a9843fd098f8a7d50/5108dd26-3ca9-473f-a86a-e56aa1fdd70e.jpg",
      "productName": "九阴真经",
      "productPrice": 500
    }]
  }, {
    "group": {
      "id": "cd942a9abc91427082fd61d3287251e2",
      "createTime": "2018-09-14 14:47:50",
      "updateTime": null,
      "deleted": false,
      "title": "",
      "context": null,
      "shape": null,
      "sorting": 8,
      "position": null,
      "sellerId": "admin",
      "linkType": "listTwo",
      "linkId": null,
      "status": 1,
      "image": "https://gtmall.oss-cn-beijing.aliyuncs.com/platform/image/imageAA.png",
      "linkContent": null,
      "linkContentList": null
    },
    "infos": [{
      "id": "5c53c83115d34cf5b8bd47f3fbafaaee",
      "createTime": "2018-09-14 14:47:50",
      "updateTime": null,
      "deleted": false,
      "title": null,
      "context": null,
      "image": null,
      "type": "goods",
      "linkId": "4ccfa88effac4268b2ef8585ba21e377",
      "sorting": 0,
      "shortName": null,
      "groupId": "cd942a9abc91427082fd61d3287251e2",
      "sellerId": "admin",
      "productPageDto": {
        "id": "4ccfa88effac4268b2ef8585ba21e377",
        "createTime": "2018-09-13 14:45:05",
        "updateTime": "2018-09-14 16:20:36",
        "deleted": false,
        "minPrice": 500,
        "maxPrice": 500,
        "afterSale": "<p>我们不提供任何售后服务</p><p>请勿走火入魔</p><p><img src=\"http://img.baidu.com/hi/jx2/j_0014.gif\"/></p>",
        "barCode": "67555666",
        "earlyWarningLev": null,
        "skuDto": null,
        "productNumber": "",
        "productDateValidity": null,
        "supportRefunds": 1,
        "picsList": null,
        "fictitious": false,
        "fictitiousType": 1,
        "categoryList": null,
        "categoryLev": "0020",
        "spuList": null,
        "spuAttrList": null,
        "skuList": null,
        "seller": null,
        "picBase64": null,
        "salesVolume": null,
        "productCategory": null,
        "productSku": null,
        "productSpu": null,
        "productSpuAttr": null,
        "recommend": false,
        "commodityReleaseStatus": 3,
        "commodityReleaseTime": null,
        "shopGroupId": null,
        "commodityWeight": 500,
        "sellerNo": "001",
        "earlyWarningValue": 8,
        "stagingNum": null,
        "instalmentPrice": null,
        "costPrice": 100,
        "sellerId": "e6664db2786d405a9843fd098f8a7d50",
        "shopId": "e6664db2786d405a9843fd098f8a7d50",
        "name": "九阴真经",
        "number": "p2018091314450511",
        "mainPic": "https://gtmall.oss-cn-beijing.aliyuncs.com/java/pic/e6664db2786d405a9843fd098f8a7d50/5108dd26-3ca9-473f-a86a-e56aa1fdd70e.jpg",
        "pics": "[https://gtmall.oss-cn-beijing.aliyuncs.com/java/pic/e6664db2786d405a9843fd098f8a7d50/c85e02bc-15bf-4f5d-b5fb-a43a32dd6886.jpg, https://gtmall.oss-cn-beijing.aliyuncs.com/java/pic/e6664db2786d405a9843fd098f8a7d50/f3d9e599-b51b-4bae-88de-42279916c1bc.jpg, https://gtmall.oss-cn-beijing.aliyuncs.com/java/pic/e6664db2786d405a9843fd098f8a7d50/4781471b-b2f2-4e59-91d3-b77ed5424c4b.jpg, https://gtmall.oss-cn-beijing.aliyuncs.com/java/pic/e6664db2786d405a9843fd098f8a7d50/9ffd49bf-e238-49e2-90ab-8bf92f4bbd02.jpg]",
        "description": "",
        "context": "<p>欲练神功</p><p>=====</p><p>先打开第一页看看</p><p><img src=\"http://img.baidu.com/hi/jx2/j_0013.gif\"/></p><p><img src=\"http://img.baidu.com/hi/jx2/j_0011.gif\"/></p>",
        "originPrice": 600,
        "brokerage": null,
        "commission": 0,
        "price": 500,
        "freightTemplateId": "8e1d1890856147d893c55d5f9f70dcb1",
        "brandsId": "666e841479e2445a884a9a4aeb25af0a",
        "area": "",
        "stock": 999,
        "type": null,
        "limitNumber": null,
        "status": "OnShelf",
        "approvalContext": null,
        "approvalType": "1",
        "downShelfTime": null,
        "downShelfReason": null,
        "onShelfTime": null,
        "isGifts": null,
        "groupId": null,
        "categoryId": "fb309b91ae07465b85dafcf86ebc30d6",
        "ratePercent": null,
        "shopCode": null,
        "shopName": null,
        "lev1category": null,
        "lev2category": null,
        "lev3category": null,
        "brandsName": null,
        "specificationsDescription": null,
        "collectCount": null,
        "salesMoney": null,
        "totalShareCount": null,
        "totalShareSalesVolumn": null,
        "totalShareSalesMoney": null,
        "url": null
      },
      "productPicture": "https://gtmall.oss-cn-beijing.aliyuncs.com/java/pic/e6664db2786d405a9843fd098f8a7d50/5108dd26-3ca9-473f-a86a-e56aa1fdd70e.jpg",
      "productName": "九阴真经",
      "productPrice": 500
    }, {
      "id": "079f57cb20d74e8db772bd77c2a66147",
      "createTime": "2018-09-14 14:47:50",
      "updateTime": null,
      "deleted": false,
      "title": null,
      "context": null,
      "image": null,
      "type": "goods",
      "linkId": "a1d8c66cdf8e4a0797ffce528c3e2322",
      "sorting": 1,
      "shortName": null,
      "groupId": "cd942a9abc91427082fd61d3287251e2",
      "sellerId": "admin",
      "productPageDto": {
        "id": "a1d8c66cdf8e4a0797ffce528c3e2322",
        "createTime": "2018-09-14 11:27:47",
        "updateTime": "2018-09-14 16:20:58",
        "deleted": false,
        "minPrice": 99900,
        "maxPrice": 99900,
        "afterSale": "",
        "barCode": "6666",
        "earlyWarningLev": null,
        "skuDto": null,
        "productNumber": "",
        "productDateValidity": null,
        "supportRefunds": 1,
        "picsList": null,
        "fictitious": false,
        "fictitiousType": 1,
        "categoryList": null,
        "categoryLev": "0020",
        "spuList": null,
        "spuAttrList": null,
        "skuList": null,
        "seller": null,
        "picBase64": null,
        "salesVolume": null,
        "productCategory": null,
        "productSku": null,
        "productSpu": null,
        "productSpuAttr": null,
        "recommend": false,
        "commodityReleaseStatus": 3,
        "commodityReleaseTime": null,
        "shopGroupId": null,
        "commodityWeight": 500,
        "sellerNo": "004",
        "earlyWarningValue": 99,
        "stagingNum": null,
        "instalmentPrice": null,
        "costPrice": 100,
        "sellerId": "e6664db2786d405a9843fd098f8a7d50",
        "shopId": "e6664db2786d405a9843fd098f8a7d50",
        "name": "金刚经",
        "number": "p2018091411274622",
        "mainPic": "https://gtmall.oss-cn-beijing.aliyuncs.com/java/pic/e6664db2786d405a9843fd098f8a7d50/c2795ac3-e312-48af-ad2e-d340ec2963f7.jpg",
        "pics": "[https://gtmall.oss-cn-beijing.aliyuncs.com/java/pic/e6664db2786d405a9843fd098f8a7d50/fd4a47fd-1ddb-407b-b245-7e95fa6e6ea2.jpg, https://gtmall.oss-cn-beijing.aliyuncs.com/java/pic/e6664db2786d405a9843fd098f8a7d50/5b7fbaa7-07bd-460f-aa83-a38cefefb54a.jpg, https://gtmall.oss-cn-beijing.aliyuncs.com/java/pic/e6664db2786d405a9843fd098f8a7d50/4aa025d9-f259-418a-9c34-e342e6928ad8.jpg, https://gtmall.oss-cn-beijing.aliyuncs.com/java/pic/e6664db2786d405a9843fd098f8a7d50/77541bd3-2cf6-4c2c-bde8-f6d46ec3eed4.jpg]",
        "description": "",
        "context": "<p>少林寺至上内功《金刚经》限时出售。</p><p>如练此功，百毒不侵。</p><p><img src=\"http://img.baidu.com/hi/jx2/j_0003.gif\"/></p>",
        "originPrice": 199900,
        "brokerage": null,
        "commission": 0,
        "price": 99900,
        "freightTemplateId": "8e1d1890856147d893c55d5f9f70dcb1",
        "brandsId": "666e841479e2445a884a9a4aeb25af0a",
        "area": "",
        "stock": 9999,
        "type": null,
        "limitNumber": null,
        "status": "OnShelf",
        "approvalContext": null,
        "approvalType": "1",
        "downShelfTime": null,
        "downShelfReason": null,
        "onShelfTime": null,
        "isGifts": null,
        "groupId": null,
        "categoryId": "fb309b91ae07465b85dafcf86ebc30d6",
        "ratePercent": null,
        "shopCode": null,
        "shopName": null,
        "lev1category": null,
        "lev2category": null,
        "lev3category": null,
        "brandsName": null,
        "specificationsDescription": null,
        "collectCount": null,
        "salesMoney": null,
        "totalShareCount": null,
        "totalShareSalesVolumn": null,
        "totalShareSalesMoney": null,
        "url": null
      },
      "productPicture": "https://gtmall.oss-cn-beijing.aliyuncs.com/java/pic/e6664db2786d405a9843fd098f8a7d50/c2795ac3-e312-48af-ad2e-d340ec2963f7.jpg",
      "productName": "金刚经",
      "productPrice": 99900
    }]
  }, {
    "group": {
      "id": "cfb3c11897414ad0ae4f729779f8593e",
      "createTime": "2018-09-14 14:47:50",
      "updateTime": null,
      "deleted": false,
      "title": "",
      "context": null,
      "shape": null,
      "sorting": 9,
      "position": null,
      "sellerId": "admin",
      "linkType": "titleImg",
      "linkId": null,
      "status": 1,
      "image": "https://gtmall.oss-cn-beijing.aliyuncs.com/java/pic/admin/d2ab1023-d09b-4f12-b18c-810ac9df4f90.png",
      "linkContent": null,
      "linkContentList": null
    },
    "infos": [{
      "id": "675248a9183d45a8b71c14cdf7c43a5b",
      "createTime": "2018-09-14 14:47:50",
      "updateTime": null,
      "deleted": false,
      "title": null,
      "context": null,
      "image": "https://gtmall.oss-cn-beijing.aliyuncs.com/java/pic/admin/d2ab1023-d09b-4f12-b18c-810ac9df4f90.png",
      "type": "",
      "linkId": "",
      "sorting": 0,
      "shortName": null,
      "groupId": "cfb3c11897414ad0ae4f729779f8593e",
      "sellerId": "admin",
      "productPageDto": null,
      "productPicture": null,
      "productName": null,
      "productPrice": null
    }]
  }, {
    "group": {
      "id": "2999a66b2fa34c3c9a76d270edb419fd",
      "createTime": "2018-09-14 14:47:50",
      "updateTime": null,
      "deleted": false,
      "title": "",
      "context": null,
      "shape": null,
      "sorting": 10,
      "position": null,
      "sellerId": "admin",
      "linkType": "templateImg",
      "linkId": null,
      "status": 1,
      "image": "https://gtmall.oss-cn-beijing.aliyuncs.com/java/pic/admin/ae3ffbb2-1ced-4ea1-acbd-5fbb4d38f081.png",
      "linkContent": null,
      "linkContentList": null
    },
    "infos": [{
      "id": "392fb0d70434420fa0ce8729ef55e3a2",
      "createTime": "2018-09-14 14:47:50",
      "updateTime": null,
      "deleted": false,
      "title": null,
      "context": null,
      "image": "https://gtmall.oss-cn-beijing.aliyuncs.com/java/pic/admin/ae3ffbb2-1ced-4ea1-acbd-5fbb4d38f081.png",
      "type": "",
      "linkId": "",
      "sorting": 0,
      "shortName": null,
      "groupId": "2999a66b2fa34c3c9a76d270edb419fd",
      "sellerId": "admin",
      "productPageDto": null,
      "productPicture": null,
      "productName": null,
      "productPrice": null
    }]
  }, {
    "group": {
      "id": "2f6e836ebf124213bc6442b91f75d421",
      "createTime": "2018-09-14 14:47:50",
      "updateTime": null,
      "deleted": false,
      "title": "",
      "context": null,
      "shape": null,
      "sorting": 11,
      "position": null,
      "sellerId": "admin",
      "linkType": "listTwo",
      "linkId": null,
      "status": 1,
      "image": "https://gtmall.oss-cn-beijing.aliyuncs.com/platform/image/imageAA.png",
      "linkContent": null,
      "linkContentList": null
    },
    "infos": [{
      "id": "c4aafc1ea9cf4765aa1387e7c93483b7",
      "createTime": "2018-09-14 14:47:50",
      "updateTime": null,
      "deleted": false,
      "title": null,
      "context": null,
      "image": null,
      "type": "goods",
      "linkId": "a1d8c66cdf8e4a0797ffce528c3e2322",
      "sorting": 0,
      "shortName": null,
      "groupId": "2f6e836ebf124213bc6442b91f75d421",
      "sellerId": "admin",
      "productPageDto": {
        "id": "a1d8c66cdf8e4a0797ffce528c3e2322",
        "createTime": "2018-09-14 11:27:47",
        "updateTime": "2018-09-14 16:20:58",
        "deleted": false,
        "minPrice": 99900,
        "maxPrice": 99900,
        "afterSale": "",
        "barCode": "6666",
        "earlyWarningLev": null,
        "skuDto": null,
        "productNumber": "",
        "productDateValidity": null,
        "supportRefunds": 1,
        "picsList": null,
        "fictitious": false,
        "fictitiousType": 1,
        "categoryList": null,
        "categoryLev": "0020",
        "spuList": null,
        "spuAttrList": null,
        "skuList": null,
        "seller": null,
        "picBase64": null,
        "salesVolume": null,
        "productCategory": null,
        "productSku": null,
        "productSpu": null,
        "productSpuAttr": null,
        "recommend": false,
        "commodityReleaseStatus": 3,
        "commodityReleaseTime": null,
        "shopGroupId": null,
        "commodityWeight": 500,
        "sellerNo": "004",
        "earlyWarningValue": 99,
        "stagingNum": null,
        "instalmentPrice": null,
        "costPrice": 100,
        "sellerId": "e6664db2786d405a9843fd098f8a7d50",
        "shopId": "e6664db2786d405a9843fd098f8a7d50",
        "name": "金刚经",
        "number": "p2018091411274622",
        "mainPic": "https://gtmall.oss-cn-beijing.aliyuncs.com/java/pic/e6664db2786d405a9843fd098f8a7d50/c2795ac3-e312-48af-ad2e-d340ec2963f7.jpg",
        "pics": "[https://gtmall.oss-cn-beijing.aliyuncs.com/java/pic/e6664db2786d405a9843fd098f8a7d50/fd4a47fd-1ddb-407b-b245-7e95fa6e6ea2.jpg, https://gtmall.oss-cn-beijing.aliyuncs.com/java/pic/e6664db2786d405a9843fd098f8a7d50/5b7fbaa7-07bd-460f-aa83-a38cefefb54a.jpg, https://gtmall.oss-cn-beijing.aliyuncs.com/java/pic/e6664db2786d405a9843fd098f8a7d50/4aa025d9-f259-418a-9c34-e342e6928ad8.jpg, https://gtmall.oss-cn-beijing.aliyuncs.com/java/pic/e6664db2786d405a9843fd098f8a7d50/77541bd3-2cf6-4c2c-bde8-f6d46ec3eed4.jpg]",
        "description": "",
        "context": "<p>少林寺至上内功《金刚经》限时出售。</p><p>如练此功，百毒不侵。</p><p><img src=\"http://img.baidu.com/hi/jx2/j_0003.gif\"/></p>",
        "originPrice": 199900,
        "brokerage": null,
        "commission": 0,
        "price": 99900,
        "freightTemplateId": "8e1d1890856147d893c55d5f9f70dcb1",
        "brandsId": "666e841479e2445a884a9a4aeb25af0a",
        "area": "",
        "stock": 9999,
        "type": null,
        "limitNumber": null,
        "status": "OnShelf",
        "approvalContext": null,
        "approvalType": "1",
        "downShelfTime": null,
        "downShelfReason": null,
        "onShelfTime": null,
        "isGifts": null,
        "groupId": null,
        "categoryId": "fb309b91ae07465b85dafcf86ebc30d6",
        "ratePercent": null,
        "shopCode": null,
        "shopName": null,
        "lev1category": null,
        "lev2category": null,
        "lev3category": null,
        "brandsName": null,
        "specificationsDescription": null,
        "collectCount": null,
        "salesMoney": null,
        "totalShareCount": null,
        "totalShareSalesVolumn": null,
        "totalShareSalesMoney": null,
        "url": null
      },
      "productPicture": "https://gtmall.oss-cn-beijing.aliyuncs.com/java/pic/e6664db2786d405a9843fd098f8a7d50/c2795ac3-e312-48af-ad2e-d340ec2963f7.jpg",
      "productName": "金刚经",
      "productPrice": 99900
    }, {
      "id": "2894d0a7d49d4ee4a2aedc0402c1865d",
      "createTime": "2018-09-14 14:47:50",
      "updateTime": null,
      "deleted": false,
      "title": null,
      "context": null,
      "image": null,
      "type": "goods",
      "linkId": "4ccfa88effac4268b2ef8585ba21e377",
      "sorting": 1,
      "shortName": null,
      "groupId": "2f6e836ebf124213bc6442b91f75d421",
      "sellerId": "admin",
      "productPageDto": {
        "id": "4ccfa88effac4268b2ef8585ba21e377",
        "createTime": "2018-09-13 14:45:05",
        "updateTime": "2018-09-14 16:20:36",
        "deleted": false,
        "minPrice": 500,
        "maxPrice": 500,
        "afterSale": "<p>我们不提供任何售后服务</p><p>请勿走火入魔</p><p><img src=\"http://img.baidu.com/hi/jx2/j_0014.gif\"/></p>",
        "barCode": "67555666",
        "earlyWarningLev": null,
        "skuDto": null,
        "productNumber": "",
        "productDateValidity": null,
        "supportRefunds": 1,
        "picsList": null,
        "fictitious": false,
        "fictitiousType": 1,
        "categoryList": null,
        "categoryLev": "0020",
        "spuList": null,
        "spuAttrList": null,
        "skuList": null,
        "seller": null,
        "picBase64": null,
        "salesVolume": null,
        "productCategory": null,
        "productSku": null,
        "productSpu": null,
        "productSpuAttr": null,
        "recommend": false,
        "commodityReleaseStatus": 3,
        "commodityReleaseTime": null,
        "shopGroupId": null,
        "commodityWeight": 500,
        "sellerNo": "001",
        "earlyWarningValue": 8,
        "stagingNum": null,
        "instalmentPrice": null,
        "costPrice": 100,
        "sellerId": "e6664db2786d405a9843fd098f8a7d50",
        "shopId": "e6664db2786d405a9843fd098f8a7d50",
        "name": "九阴真经",
        "number": "p2018091314450511",
        "mainPic": "https://gtmall.oss-cn-beijing.aliyuncs.com/java/pic/e6664db2786d405a9843fd098f8a7d50/5108dd26-3ca9-473f-a86a-e56aa1fdd70e.jpg",
        "pics": "[https://gtmall.oss-cn-beijing.aliyuncs.com/java/pic/e6664db2786d405a9843fd098f8a7d50/c85e02bc-15bf-4f5d-b5fb-a43a32dd6886.jpg, https://gtmall.oss-cn-beijing.aliyuncs.com/java/pic/e6664db2786d405a9843fd098f8a7d50/f3d9e599-b51b-4bae-88de-42279916c1bc.jpg, https://gtmall.oss-cn-beijing.aliyuncs.com/java/pic/e6664db2786d405a9843fd098f8a7d50/4781471b-b2f2-4e59-91d3-b77ed5424c4b.jpg, https://gtmall.oss-cn-beijing.aliyuncs.com/java/pic/e6664db2786d405a9843fd098f8a7d50/9ffd49bf-e238-49e2-90ab-8bf92f4bbd02.jpg]",
        "description": "",
        "context": "<p>欲练神功</p><p>=====</p><p>先打开第一页看看</p><p><img src=\"http://img.baidu.com/hi/jx2/j_0013.gif\"/></p><p><img src=\"http://img.baidu.com/hi/jx2/j_0011.gif\"/></p>",
        "originPrice": 600,
        "brokerage": null,
        "commission": 0,
        "price": 500,
        "freightTemplateId": "8e1d1890856147d893c55d5f9f70dcb1",
        "brandsId": "666e841479e2445a884a9a4aeb25af0a",
        "area": "",
        "stock": 999,
        "type": null,
        "limitNumber": null,
        "status": "OnShelf",
        "approvalContext": null,
        "approvalType": "1",
        "downShelfTime": null,
        "downShelfReason": null,
        "onShelfTime": null,
        "isGifts": null,
        "groupId": null,
        "categoryId": "fb309b91ae07465b85dafcf86ebc30d6",
        "ratePercent": null,
        "shopCode": null,
        "shopName": null,
        "lev1category": null,
        "lev2category": null,
        "lev3category": null,
        "brandsName": null,
        "specificationsDescription": null,
        "collectCount": null,
        "salesMoney": null,
        "totalShareCount": null,
        "totalShareSalesVolumn": null,
        "totalShareSalesMoney": null,
        "url": null
      },
      "productPicture": "https://gtmall.oss-cn-beijing.aliyuncs.com/java/pic/e6664db2786d405a9843fd098f8a7d50/5108dd26-3ca9-473f-a86a-e56aa1fdd70e.jpg",
      "productName": "九阴真经",
      "productPrice": 500
    }]
  }, {
    "group": {
      "id": "357e611289b6465484996134b5df2c92",
      "createTime": "2018-09-14 14:47:50",
      "updateTime": null,
      "deleted": false,
      "title": "",
      "context": null,
      "shape": null,
      "sorting": 12,
      "position": null,
      "sellerId": "admin",
      "linkType": "listThree",
      "linkId": null,
      "status": 1,
      "image": "https://gtmall.oss-cn-beijing.aliyuncs.com/platform/image/imageAA.png",
      "linkContent": null,
      "linkContentList": null
    },
    "infos": [{
      "id": "f219a970865d458d81c709fde9f7d776",
      "createTime": "2018-09-14 14:47:50",
      "updateTime": null,
      "deleted": false,
      "title": null,
      "context": null,
      "image": null,
      "type": "goods",
      "linkId": "a1f2bcd5f16a469482dee7b3a9ee160f",
      "sorting": 0,
      "shortName": null,
      "groupId": "357e611289b6465484996134b5df2c92",
      "sellerId": "admin",
      "productPageDto": {
        "id": "a1f2bcd5f16a469482dee7b3a9ee160f",
        "createTime": "2018-09-14 10:00:00",
        "updateTime": "2018-09-14 16:21:07",
        "deleted": false,
        "minPrice": 15000,
        "maxPrice": 15000,
        "afterSale": "",
        "barCode": "6677",
        "earlyWarningLev": null,
        "skuDto": null,
        "productNumber": "",
        "productDateValidity": null,
        "supportRefunds": 1,
        "picsList": null,
        "fictitious": false,
        "fictitiousType": 1,
        "categoryList": null,
        "categoryLev": "0020",
        "spuList": null,
        "spuAttrList": null,
        "skuList": null,
        "seller": null,
        "picBase64": null,
        "salesVolume": null,
        "productCategory": null,
        "productSku": null,
        "productSpu": null,
        "productSpuAttr": null,
        "recommend": false,
        "commodityReleaseStatus": 3,
        "commodityReleaseTime": null,
        "shopGroupId": null,
        "commodityWeight": 0,
        "sellerNo": "001",
        "earlyWarningValue": 99,
        "stagingNum": null,
        "instalmentPrice": null,
        "costPrice": 100,
        "sellerId": "e6664db2786d405a9843fd098f8a7d50",
        "shopId": "e6664db2786d405a9843fd098f8a7d50",
        "name": "如来神掌",
        "number": "p2018091410000020",
        "mainPic": "https://gtmall.oss-cn-beijing.aliyuncs.com/java/pic/e6664db2786d405a9843fd098f8a7d50/4b3ff680-e144-4542-a3c1-e34e225a7747.jpg",
        "pics": "[https://gtmall.oss-cn-beijing.aliyuncs.com/java/pic/e6664db2786d405a9843fd098f8a7d50/4a295971-a1b4-49f7-9517-63945adca35d.jpg, https://gtmall.oss-cn-beijing.aliyuncs.com/java/pic/e6664db2786d405a9843fd098f8a7d50/5dcc69f7-1133-468a-aa7d-d7c1af9667e3.jpg, https://gtmall.oss-cn-beijing.aliyuncs.com/java/pic/e6664db2786d405a9843fd098f8a7d50/acfe5cd9-22ca-496f-a63c-0362ad0f24c0.jpg, https://gtmall.oss-cn-beijing.aliyuncs.com/java/pic/e6664db2786d405a9843fd098f8a7d50/265861c8-172a-4dbd-834f-ec9aec2c76f9.jpg]",
        "description": "",
        "context": "<p>如来神掌神功秘籍，内功心法，先到先得</p>",
        "originPrice": 16000,
        "brokerage": null,
        "commission": 0,
        "price": 15000,
        "freightTemplateId": "8e1d1890856147d893c55d5f9f70dcb1",
        "brandsId": "666e841479e2445a884a9a4aeb25af0a",
        "area": "",
        "stock": 999,
        "type": null,
        "limitNumber": null,
        "status": "OnShelf",
        "approvalContext": null,
        "approvalType": "1",
        "downShelfTime": null,
        "downShelfReason": null,
        "onShelfTime": null,
        "isGifts": null,
        "groupId": null,
        "categoryId": "fb309b91ae07465b85dafcf86ebc30d6",
        "ratePercent": null,
        "shopCode": null,
        "shopName": null,
        "lev1category": null,
        "lev2category": null,
        "lev3category": null,
        "brandsName": null,
        "specificationsDescription": null,
        "collectCount": null,
        "salesMoney": null,
        "totalShareCount": null,
        "totalShareSalesVolumn": null,
        "totalShareSalesMoney": null,
        "url": null
      },
      "productPicture": "https://gtmall.oss-cn-beijing.aliyuncs.com/java/pic/e6664db2786d405a9843fd098f8a7d50/4b3ff680-e144-4542-a3c1-e34e225a7747.jpg",
      "productName": "如来神掌",
      "productPrice": 15000
    }, {
      "id": "c9bb7e86997e463b9482d558526621b0",
      "createTime": "2018-09-14 14:47:50",
      "updateTime": null,
      "deleted": false,
      "title": null,
      "context": null,
      "image": null,
      "type": "goods",
      "linkId": "fb8d3e425b4f4482b0bfa52d842f5bda",
      "sorting": 1,
      "shortName": null,
      "groupId": "357e611289b6465484996134b5df2c92",
      "sellerId": "admin",
      "productPageDto": {
        "id": "fb8d3e425b4f4482b0bfa52d842f5bda",
        "createTime": "2018-09-14 11:12:58",
        "updateTime": "2018-09-14 11:30:11",
        "deleted": false,
        "minPrice": 99900,
        "maxPrice": 99900,
        "afterSale": "<p>菠萝菠萝蜜</p>",
        "barCode": "6666",
        "earlyWarningLev": null,
        "skuDto": null,
        "productNumber": "",
        "productDateValidity": null,
        "supportRefunds": 1,
        "picsList": null,
        "fictitious": false,
        "fictitiousType": 1,
        "categoryList": null,
        "categoryLev": "0020",
        "spuList": null,
        "spuAttrList": null,
        "skuList": null,
        "seller": null,
        "picBase64": null,
        "salesVolume": null,
        "productCategory": null,
        "productSku": null,
        "productSpu": null,
        "productSpuAttr": null,
        "recommend": false,
        "commodityReleaseStatus": 3,
        "commodityReleaseTime": null,
        "shopGroupId": null,
        "commodityWeight": 500,
        "sellerNo": "003",
        "earlyWarningValue": 99,
        "stagingNum": null,
        "instalmentPrice": null,
        "costPrice": 0,
        "sellerId": "e6664db2786d405a9843fd098f8a7d50",
        "shopId": "e6664db2786d405a9843fd098f8a7d50",
        "name": "大梵般若心经",
        "number": "p2018091411125721",
        "mainPic": "https://gtmall.oss-cn-beijing.aliyuncs.com/java/pic/e6664db2786d405a9843fd098f8a7d50/5af0f548-d726-4f78-9549-46ab907134df.jpg",
        "pics": "[https://gtmall.oss-cn-beijing.aliyuncs.com/java/pic/e6664db2786d405a9843fd098f8a7d50/d31c49a2-dad0-4bfd-94be-9a7803a05dc0.jpg, https://gtmall.oss-cn-beijing.aliyuncs.com/java/pic/e6664db2786d405a9843fd098f8a7d50/93d11a00-20d9-438d-811e-69ed8fed74d9.jpg, https://gtmall.oss-cn-beijing.aliyuncs.com/java/pic/e6664db2786d405a9843fd098f8a7d50/ea185aee-172c-4426-8e12-0b51bbbd2dad.jpg, https://gtmall.oss-cn-beijing.aliyuncs.com/java/pic/e6664db2786d405a9843fd098f8a7d50/baac94e8-7a39-469b-936b-f6d09bf5d4f1.jpg]",
        "description": "",
        "context": "<p>至高道法《打饭般弱心经》现限量出售。如练此功，必将飞升。</p>",
        "originPrice": 199900,
        "brokerage": null,
        "commission": 0,
        "price": 99900,
        "freightTemplateId": "8e1d1890856147d893c55d5f9f70dcb1",
        "brandsId": "666e841479e2445a884a9a4aeb25af0a",
        "area": "",
        "stock": 999,
        "type": null,
        "limitNumber": null,
        "status": "OnShelf",
        "approvalContext": null,
        "approvalType": "1",
        "downShelfTime": null,
        "downShelfReason": null,
        "onShelfTime": null,
        "isGifts": null,
        "groupId": null,
        "categoryId": "fb309b91ae07465b85dafcf86ebc30d6",
        "ratePercent": null,
        "shopCode": null,
        "shopName": null,
        "lev1category": null,
        "lev2category": null,
        "lev3category": null,
        "brandsName": null,
        "specificationsDescription": null,
        "collectCount": null,
        "salesMoney": null,
        "totalShareCount": null,
        "totalShareSalesVolumn": null,
        "totalShareSalesMoney": null,
        "url": null
      },
      "productPicture": "https://gtmall.oss-cn-beijing.aliyuncs.com/java/pic/e6664db2786d405a9843fd098f8a7d50/5af0f548-d726-4f78-9549-46ab907134df.jpg",
      "productName": "大梵般若心经",
      "productPrice": 99900
    }, {
      "id": "697f02e137ed43d0bf9480fe7bc9863a",
      "createTime": "2018-09-14 14:47:50",
      "updateTime": null,
      "deleted": false,
      "title": null,
      "context": null,
      "image": null,
      "type": "goods",
      "linkId": "a1d8c66cdf8e4a0797ffce528c3e2322",
      "sorting": 2,
      "shortName": null,
      "groupId": "357e611289b6465484996134b5df2c92",
      "sellerId": "admin",
      "productPageDto": {
        "id": "a1d8c66cdf8e4a0797ffce528c3e2322",
        "createTime": "2018-09-14 11:27:47",
        "updateTime": "2018-09-14 16:20:58",
        "deleted": false,
        "minPrice": 99900,
        "maxPrice": 99900,
        "afterSale": "",
        "barCode": "6666",
        "earlyWarningLev": null,
        "skuDto": null,
        "productNumber": "",
        "productDateValidity": null,
        "supportRefunds": 1,
        "picsList": null,
        "fictitious": false,
        "fictitiousType": 1,
        "categoryList": null,
        "categoryLev": "0020",
        "spuList": null,
        "spuAttrList": null,
        "skuList": null,
        "seller": null,
        "picBase64": null,
        "salesVolume": null,
        "productCategory": null,
        "productSku": null,
        "productSpu": null,
        "productSpuAttr": null,
        "recommend": false,
        "commodityReleaseStatus": 3,
        "commodityReleaseTime": null,
        "shopGroupId": null,
        "commodityWeight": 500,
        "sellerNo": "004",
        "earlyWarningValue": 99,
        "stagingNum": null,
        "instalmentPrice": null,
        "costPrice": 100,
        "sellerId": "e6664db2786d405a9843fd098f8a7d50",
        "shopId": "e6664db2786d405a9843fd098f8a7d50",
        "name": "金刚经",
        "number": "p2018091411274622",
        "mainPic": "https://gtmall.oss-cn-beijing.aliyuncs.com/java/pic/e6664db2786d405a9843fd098f8a7d50/c2795ac3-e312-48af-ad2e-d340ec2963f7.jpg",
        "pics": "[https://gtmall.oss-cn-beijing.aliyuncs.com/java/pic/e6664db2786d405a9843fd098f8a7d50/fd4a47fd-1ddb-407b-b245-7e95fa6e6ea2.jpg, https://gtmall.oss-cn-beijing.aliyuncs.com/java/pic/e6664db2786d405a9843fd098f8a7d50/5b7fbaa7-07bd-460f-aa83-a38cefefb54a.jpg, https://gtmall.oss-cn-beijing.aliyuncs.com/java/pic/e6664db2786d405a9843fd098f8a7d50/4aa025d9-f259-418a-9c34-e342e6928ad8.jpg, https://gtmall.oss-cn-beijing.aliyuncs.com/java/pic/e6664db2786d405a9843fd098f8a7d50/77541bd3-2cf6-4c2c-bde8-f6d46ec3eed4.jpg]",
        "description": "",
        "context": "<p>少林寺至上内功《金刚经》限时出售。</p><p>如练此功，百毒不侵。</p><p><img src=\"http://img.baidu.com/hi/jx2/j_0003.gif\"/></p>",
        "originPrice": 199900,
        "brokerage": null,
        "commission": 0,
        "price": 99900,
        "freightTemplateId": "8e1d1890856147d893c55d5f9f70dcb1",
        "brandsId": "666e841479e2445a884a9a4aeb25af0a",
        "area": "",
        "stock": 9999,
        "type": null,
        "limitNumber": null,
        "status": "OnShelf",
        "approvalContext": null,
        "approvalType": "1",
        "downShelfTime": null,
        "downShelfReason": null,
        "onShelfTime": null,
        "isGifts": null,
        "groupId": null,
        "categoryId": "fb309b91ae07465b85dafcf86ebc30d6",
        "ratePercent": null,
        "shopCode": null,
        "shopName": null,
        "lev1category": null,
        "lev2category": null,
        "lev3category": null,
        "brandsName": null,
        "specificationsDescription": null,
        "collectCount": null,
        "salesMoney": null,
        "totalShareCount": null,
        "totalShareSalesVolumn": null,
        "totalShareSalesMoney": null,
        "url": null
      },
      "productPicture": "https://gtmall.oss-cn-beijing.aliyuncs.com/java/pic/e6664db2786d405a9843fd098f8a7d50/c2795ac3-e312-48af-ad2e-d340ec2963f7.jpg",
      "productName": "金刚经",
      "productPrice": 99900
    }]
  }]
}