{
  "httpCode": 200,
  "result": {
    "id": "61d4be586afa43cebc6aefa93fda32b7",
    "createTime": 1534816573000,
    "updateTime": 1534816686000,
    "deleted": false,
    "skuDto": null,
    "productNumber": "",
    "productDateValidity": null,
    "supportRefunds": 1,
    "picsList": null,
    "fictitious": false,
    "categoryList": null,
    "categoryLev": "00040003",
    "spuList": [{
      "id": "bd6589d5eddf4f9c82909425c2cbb81c",
      "createTime": 1534816573000,
      "updateTime": null,
      "deleted": false,
      "spuNumber": null,
      "spuAttrList": [{
        "id": "0e153aae989e48e59232169e275ca911",
        "createTime": 1534816573000,
        "updateTime": null,
        "deleted": false,
        "spuNumber": null,
        "skuNumber": null,
        "description": "白色",
        "descriptionImage": null,
        "skuImage": null,
        "productId": "61d4be586afa43cebc6aefa93fda32b7",
        "groupId": "bd6589d5eddf4f9c82909425c2cbb81c",
        "type": null,
        "defaults": null
      },{
        "id": "0e153aae989e48e59232169e275ca912",
        "createTime": 1534816573000,
        "updateTime": null,
        "deleted": false,
        "spuNumber": null,
        "skuNumber": null,
        "description": "黑色",
        "descriptionImage": null,
        "skuImage": null,
        "productId": "61d4be586afa43cebc6aefa93fda32b7",
        "groupId": "bd6589d5eddf4f9c82909425c2cbb81c",
        "type": null,
        "defaults": null
      }],
      "titile": "颜色",
      "groupImage": null,
      "productId": "61d4be586afa43cebc6aefa93fda32b7",
      "sellerId": "a3edd1a0d555411d9d37015cf4f3b205"
    }, {
      "id": "db5e44d48bb548a4945cd79fb7f01552",
      "createTime": 1534816573000,
      "updateTime": null,
      "deleted": false,
      "spuNumber": null,
      "spuAttrList": [{
        "id": "8edfa8e42fab48518e24ab192e13729a",
        "createTime": 1534816573000,
        "updateTime": null,
        "deleted": false,
        "spuNumber": null,
        "skuNumber": null,
        "description": "1g",
        "descriptionImage": null,
        "skuImage": null,
        "productId": "61d4be586afa43cebc6aefa93fda32b7",
        "groupId": "db5e44d48bb548a4945cd79fb7f01552",
        "type": null,
        "defaults": null
      }],
      "titile": "内存",
      "groupImage": null,
      "productId": "61d4be586afa43cebc6aefa93fda32b7",
      "sellerId": "a3edd1a0d555411d9d37015cf4f3b205"
    }],
    "skuList": [{
      "id": "1e99f8640ce84fa88b550e559d018b17",
      "createTime": 1534816573000,
      "updateTime": null,
      "deleted": false,
      "spuAttrNumber": null,
      "sellerNo": "",
      "sellerId": "a3edd1a0d555411d9d37015cf4f3b205",
      "earlyWarningValue": null,
      "skuCombination": "[0e153aae989e48e59232169e275ca911,8edfa8e42fab48518e24ab192e13729a]",
      "skuCombinationDescription": "颜色:白色 内存:1g ",
      "skuCombinationImage": null,
      "stock": 10,
      "maxStock": null,
      "commission": 2,
      "price": 9900,
      "originalPrice": 9900,
      "freightPrice": null,
      "productId": "61d4be586afa43cebc6aefa93fda32b7",
      "skuNumber": null,
      "version": null,
      "productName": null,
      "productNumber": null,
      "brandsName": null,
      "salesVolume": null,
      "cargoCount": null,
      "salesMoney": null
    },{
      "id": "1e99f8640ce84fa88b550e559d018b17",
      "createTime": 1534816573000,
      "updateTime": null,
      "deleted": false,
      "spuAttrNumber": null,
      "sellerNo": "",
      "sellerId": "a3edd1a0d555411d9d37015cf4f3b205",
      "earlyWarningValue": null,
      "skuCombination": "[0e153aae989e48e59232169e275ca912,8edfa8e42fab48518e24ab192e13729a]",
      "skuCombinationDescription": "颜色:黑色 内存:1g ",
      "skuCombinationImage": null,
      "stock": 9999,
      "maxStock": null,
      "commission": 2,
      "price": 9900,
      "originalPrice": 9900,
      "freightPrice": null,
      "productId": "61d4be586afa43cebc6aefa93fda32b7",
      "skuNumber": null,
      "version": null,
      "productName": null,
      "productNumber": null,
      "brandsName": null,
      "salesVolume": null,
      "cargoCount": null,
      "salesMoney": null
    }],
    "seller": {
      "id": "a3edd1a0d555411d9d37015cf4f3b205",
      "createTime": 1534750924000,
      "updateTime": 1535349567000,
      "deleted": false,
      "userId": "e1eq82ewsa243e89c223cd71b7ead0d",
      "sellerName": "店铺名称测试",
      "sellerLogo": null,
      "linkmanName": null,
      "linkmanTel": null,
      "serviceTelAreaCode": null,
      "serviceTel": null,
      "registerTime": 1534750924000,
      "country": null,
      "province": null,
      "city": null,
      "area": null,
      "address": null,
      "defaultLogisticPrice": null,
      "sales": null,
      "refundExpireDays": null,
      "exchangeExpireDays": null,
      "fixExpireDays": null,
      "companyBaseInfoId": "a19eb48dd761416a84b5ba58b90ec4d8",
      "bankTaxInfoId": "4fb870628d0d417ca1fd7284d0164adb",
      "shopManagementInfoId": "fe1129547ad94d9ebf0c5f7bff0c03b5",
      "companyBaseInfoApprovalState": true,
      "bankTaxInfoApprovalState": true,
      "shopManagementInfoApprovalState": true,
      "approvalInformation": null
    },
    "picBase64": "",
    "salesVolume": null,
    "productCategory": null,
    "productSku": null,
    "productSpu": null,
    "productSpuAttr": null,
    "recommend": false,
    "commodityReleaseStatus": 1,
    "commodityReleaseTime": null,
    "shopGroupId": null,
    "commodityWeight": 10000,
    "sellerNo": "",
    "earlyWarningValue": 500,
    "stagingNum": null,
    "instalmentPrice": null,
    "costPrice": null,
    "sellerId": "a3edd1a0d555411d9d37015cf4f3b205",
    "shopId": null,
    "name": "富士商品名称",
    "number": "p201808210956122",
    "mainPic": "https://gtmall.oss-cn-beijing.aliyuncs.com/java/pic/a3edd1a0d555411d9d37015cf4f3b205/44afc9da-7378-47d5-aedf-69bb2fd084d5.jpeg",
    "pics": "[, , , https://gtmall.oss-cn-beijing.aliyuncs.com/java/pic/a3edd1a0d555411d9d37015cf4f3b205/f5c19d5e-0d4e-4d89-86ad-6f549905015a.jpeg]",
    "description": "",
    "context": "",
    "originPrice": 9900,
    "brokerage": null,
    "commission": 2,
    "price": 9900,
    "freightTemplateId": "a96c2a1489104dff81c287853ba68103",
    "brandsId": "c320a49d0d91486d8d9c628a342cb8fa",
    "area": "b17c9468800248b9b8ef9d02818f5076",
    "stock": 10,
    "type": null,
    "limitNumber": 0,
    "status": "OnShelf",
    "approvalContext": null,
    "approvalType": "3",
    "downShelfTime": null,
    "downShelfReason": null,
    "onShelfTime": null,
    "isGifts": null,
    "groupId": null,
    "categoryId": "c812c81f9fc9443da2774a2b1debf3a7",
    "ratePercent": null,
    "shopCode": null,
    "shopName": null,
    "lev1category": null,
    "lev2category": null,
    "lev3category": null,
    "brandsName": null,
    "specificationsDescription": null,
    "collectCount": null,
    "salesMoney": null,
    "totalShareCount": null,
    "totalShareSalesVolumn": null,
    "totalShareSalesMoney": null,
    "url": null
  }
}