{
  "httpCode": 200,
  "result": {
    "pageNum": 1,
    "pageSize": 10,
    "size": 8,
    "startRow": 1,
    "endRow": 8,
    "total": 8,
    "pages": 1,
    "list": [ {
      "id": "01783b56e512427998d347b30495ff4e",
      "createTime": "2018-09-11 17:24:05",
      "updateTime": "2018-09-11 17:23:36",
      "deleted": false,
      "userId": "1",
      "linkId": "03c83d9b1d854afb8bf81afa9d9c9ffa",
      "linkType": 1,
      "browseDate": "2018-09-11 18:20:06",
      "dateStr": "2018-09-07",
      "productPageDto": {
        "id": "03c83d9b1d854afb8bf81afa9d9c9ffa",
        "createTime": "2018-08-24 15:15:49",
        "updateTime": "2018-09-05 16:05:27",
        "deleted": false,
        "barCode": null,
        "earlyWarningLev": 0,
        "skuDto": null,
        "productNumber": "",
        "productDateValidity": null,
        "supportRefunds": 1,
        "picsList": null,
        "fictitious": false,
        "fictitiousType": null,
        "categoryList": null,
        "categoryLev": "00040006",
        "spuList": null,
        "skuList": null,
        "seller": null,
        "picBase64": null,
        "salesVolume": null,
        "productCategory": null,
        "productSku": null,
        "productSpu": null,
        "productSpuAttr": null,
        "recommend": false,
        "commodityReleaseStatus": 1,
        "commodityReleaseTime": null,
        "shopGroupId": null,
        "commodityWeight": 1000,
        "sellerNo": "",
        "earlyWarningValue": 500,
        "stagingNum": null,
        "instalmentPrice": null,
        "costPrice": null,
        "sellerId": "5ad65159656f46e08081d208b545c9c2",
        "shopId": null,
        "name": "111111",
        "number": "p201808241515483",
        "mainPic": "https://gtmall.oss-cn-beijing.aliyuncs.com/java/pic/5ad65159656f46e08081d208b545c9c2/b394409c-835e-4888-a8b5-e0a2973f37d9.jpg",
        "pics": "[https://gtmall.oss-cn-beijing.aliyuncs.com/java/pic/5ad65159656f46e08081d208b545c9c2/2bcd5f0d-b33b-49e2-937b-b65da6d224c3.jpg,    ,    ,    ]",
        "description": "",
        "context": "<p>萨达萨德</p>",
        "originPrice": 1300,
        "brokerage": null,
        "commission": 100,
        "price": 1200,
        "freightTemplateId": "d5be31209c554eeb89a5ee9157e9f974",
        "brandsId": "5a462e3bde904b4c947feeebbb42680a",
        "area": "556ac17916394d5ba1d9febecf2bc93a",
        "stock": 88,
        "type": null,
        "limitNumber": 0,
        "status": "DownShelf",
        "approvalContext": "11",
        "approvalType": "3",
        "downShelfTime": null,
        "downShelfReason": "",
        "onShelfTime": null,
        "isGifts": null,
        "groupId": null,
        "categoryId": "a666dcadde10418aa85358321f0c9f24",
        "ratePercent": null,
        "shopCode": null,
        "shopName": null,
        "lev1category": null,
        "lev2category": null,
        "lev3category": null,
        "brandsName": null,
        "specificationsDescription": null,
        "collectCount": null,
        "salesMoney": null,
        "totalShareCount": null,
        "totalShareSalesVolumn": null,
        "totalShareSalesMoney": null,
        "url": null
      },
      "isCollected": true
    }, {
      "id": "01783b56e512427998d347b30495ff4e",
      "createTime": "2018-09-07 18:19:39",
      "updateTime": "2018-09-07 18:20:06",
      "deleted": false,
      "userId": "1",
      "linkId": "03c83d9b1d854afb8bf81afa9d9c9ffa",
      "linkType": 1,
      "browseDate": "2018-09-07 18:20:06",
      "dateStr": "2018-09-07",
      "productPageDto": {
        "id": "03c83d9b1d854afb8bf81afa9d9c9ffa",
        "createTime": "2018-08-24 15:15:49",
        "updateTime": "2018-09-05 16:05:27",
        "deleted": false,
        "barCode": null,
        "earlyWarningLev": 0,
        "skuDto": null,
        "productNumber": "",
        "productDateValidity": null,
        "supportRefunds": 1,
        "picsList": null,
        "fictitious": false,
        "fictitiousType": null,
        "categoryList": null,
        "categoryLev": "00040006",
        "spuList": null,
        "skuList": null,
        "seller": null,
        "picBase64": null,
        "salesVolume": null,
        "productCategory": null,
        "productSku": null,
        "productSpu": null,
        "productSpuAttr": null,
        "recommend": false,
        "commodityReleaseStatus": 1,
        "commodityReleaseTime": null,
        "shopGroupId": null,
        "commodityWeight": 1000,
        "sellerNo": "",
        "earlyWarningValue": 500,
        "stagingNum": null,
        "instalmentPrice": null,
        "costPrice": null,
        "sellerId": "5ad65159656f46e08081d208b545c9c2",
        "shopId": null,
        "name": "测试123",
        "number": "p201808241515483",
        "mainPic": "https://gtmall.oss-cn-beijing.aliyuncs.com/java/pic/5ad65159656f46e08081d208b545c9c2/b394409c-835e-4888-a8b5-e0a2973f37d9.jpg",
        "pics": "[https://gtmall.oss-cn-beijing.aliyuncs.com/java/pic/5ad65159656f46e08081d208b545c9c2/2bcd5f0d-b33b-49e2-937b-b65da6d224c3.jpg,    ,    ,    ]",
        "description": "",
        "context": "<p>萨达萨德</p>",
        "originPrice": 1300,
        "brokerage": null,
        "commission": 100,
        "price": 1200,
        "freightTemplateId": "d5be31209c554eeb89a5ee9157e9f974",
        "brandsId": "5a462e3bde904b4c947feeebbb42680a",
        "area": "556ac17916394d5ba1d9febecf2bc93a",
        "stock": 88,
        "type": null,
        "limitNumber": 0,
        "status": "DownShelf",
        "approvalContext": "11",
        "approvalType": "3",
        "downShelfTime": null,
        "downShelfReason": "",
        "onShelfTime": null,
        "isGifts": null,
        "groupId": null,
        "categoryId": "a666dcadde10418aa85358321f0c9f24",
        "ratePercent": null,
        "shopCode": null,
        "shopName": null,
        "lev1category": null,
        "lev2category": null,
        "lev3category": null,
        "brandsName": null,
        "specificationsDescription": null,
        "collectCount": null,
        "salesMoney": null,
        "totalShareCount": null,
        "totalShareSalesVolumn": null,
        "totalShareSalesMoney": null,
        "url": null
      },
      "isCollected": true
    }, {
      "id": "76387e59a9f840568bad7f478fdbd59b",
      "createTime": "2018-09-07 17:47:25",
      "updateTime": "2018-09-07 17:50:45",
      "deleted": false,
      "userId": "1",
      "linkId": "562e71d64d544373ae5618b016389847",
      "linkType": 1,
      "browseDate": "2018-09-07 17:50:45",
      "dateStr": "2018-09-07",
      "productPageDto": {
        "id": "562e71d64d544373ae5618b016389847",
        "createTime": "2018-08-29 17:29:01",
        "updateTime": "2018-09-04 17:41:05",
        "deleted": false,
        "barCode": null,
        "earlyWarningLev": 0,
        "skuDto": null,
        "productNumber": "",
        "productDateValidity": null,
        "supportRefunds": 1,
        "picsList": null,
        "fictitious": false,
        "fictitiousType": null,
        "categoryList": null,
        "categoryLev": "00090003",
        "spuList": null,
        "skuList": null,
        "seller": null,
        "picBase64": null,
        "salesVolume": null,
        "productCategory": null,
        "productSku": null,
        "productSpu": null,
        "productSpuAttr": null,
        "recommend": false,
        "commodityReleaseStatus": 1,
        "commodityReleaseTime": null,
        "shopGroupId": null,
        "commodityWeight": 4000,
        "sellerNo": "003",
        "earlyWarningValue": 500,
        "stagingNum": 9,
        "instalmentPrice": 1200,
        "costPrice": 1200,
        "sellerId": "da9fb0a3d9de40799fe90f77593b7e16",
        "shopId": null,
        "name": "平底锅222",
        "number": "p201808291729013",
        "mainPic": "https://gtmall.oss-cn-beijing.aliyuncs.com/java/pic/da9fb0a3d9de40799fe90f77593b7e16/2a6ebd51-58a7-4093-88f5-bc787c6c61d7.jpg",
        "pics": null,
        "description": "啊苏打水大多",
        "context": "<p>暗示着D阿萨德</p><p>阿斯达是</p><p><img src=\"https://gtmall.oss-cn-beijing.aliyuncs.com/java/pic/da9fb0a3d9de40799fe90f77593b7e16/80e291d3-b8ac-46f3-b897-cb62e4c77027.jpg\" width=\"100\"/></p>",
        "originPrice": 1900,
        "brokerage": null,
        "commission": 150,
        "price": 1200,
        "freightTemplateId": "e74833c451934354a87f7c78a7802c2c",
        "brandsId": "279af7dc0a5f49cca24dcecf5a4d3be2",
        "area": "4808a7134d7946cca725b2a786d78928",
        "stock": 999,
        "type": null,
        "limitNumber": 0,
        "status": "OnShelf",
        "approvalContext": "的双方各得",
        "approvalType": "1",
        "downShelfTime": null,
        "downShelfReason": null,
        "onShelfTime": null,
        "isGifts": null,
        "groupId": null,
        "categoryId": "b700f89b460547b9b9a7195c4845b130",
        "ratePercent": null,
        "shopCode": null,
        "shopName": null,
        "lev1category": null,
        "lev2category": null,
        "lev3category": null,
        "brandsName": null,
        "specificationsDescription": null,
        "collectCount": null,
        "salesMoney": null,
        "totalShareCount": null,
        "totalShareSalesVolumn": null,
        "totalShareSalesMoney": null,
        "url": null
      },
      "isCollected": true
    }, {
      "id": "76387e59a9f840568bad7f478fdbd59b",
      "createTime": "2018-09-07 17:47:25",
      "updateTime": "2018-09-07 17:50:45",
      "deleted": false,
      "userId": "1",
      "linkId": "562e71d64d544373ae5618b016389847",
      "linkType": 1,
      "browseDate": "2018-09-07 17:50:45",
      "dateStr": "2018-09-07",
      "productPageDto": {
        "id": "562e71d64d544373ae5618b016389847",
        "createTime": "2018-08-29 17:29:01",
        "updateTime": "2018-09-04 17:41:05",
        "deleted": false,
        "barCode": null,
        "earlyWarningLev": 0,
        "skuDto": null,
        "productNumber": "",
        "productDateValidity": null,
        "supportRefunds": 1,
        "picsList": null,
        "fictitious": false,
        "fictitiousType": null,
        "categoryList": null,
        "categoryLev": "00090003",
        "spuList": null,
        "skuList": null,
        "seller": null,
        "picBase64": null,
        "salesVolume": null,
        "productCategory": null,
        "productSku": null,
        "productSpu": null,
        "productSpuAttr": null,
        "recommend": false,
        "commodityReleaseStatus": 1,
        "commodityReleaseTime": null,
        "shopGroupId": null,
        "commodityWeight": 4000,
        "sellerNo": "003",
        "earlyWarningValue": 500,
        "stagingNum": 9,
        "instalmentPrice": 1200,
        "costPrice": 1200,
        "sellerId": "da9fb0a3d9de40799fe90f77593b7e16",
        "shopId": null,
        "name": "平底锅222",
        "number": "p201808291729013",
        "mainPic": "https://gtmall.oss-cn-beijing.aliyuncs.com/java/pic/da9fb0a3d9de40799fe90f77593b7e16/2a6ebd51-58a7-4093-88f5-bc787c6c61d7.jpg",
        "pics": null,
        "description": "啊苏打水大多",
        "context": "<p>暗示着D阿萨德</p><p>阿斯达是</p><p><img src=\"https://gtmall.oss-cn-beijing.aliyuncs.com/java/pic/da9fb0a3d9de40799fe90f77593b7e16/80e291d3-b8ac-46f3-b897-cb62e4c77027.jpg\" width=\"100\"/></p>",
        "originPrice": 1900,
        "brokerage": null,
        "commission": 150,
        "price": 1200,
        "freightTemplateId": "e74833c451934354a87f7c78a7802c2c",
        "brandsId": "279af7dc0a5f49cca24dcecf5a4d3be2",
        "area": "4808a7134d7946cca725b2a786d78928",
        "stock": 999,
        "type": null,
        "limitNumber": 0,
        "status": "OnShelf",
        "approvalContext": "的双方各得",
        "approvalType": "1",
        "downShelfTime": null,
        "downShelfReason": null,
        "onShelfTime": null,
        "isGifts": null,
        "groupId": null,
        "categoryId": "b700f89b460547b9b9a7195c4845b130",
        "ratePercent": null,
        "shopCode": null,
        "shopName": null,
        "lev1category": null,
        "lev2category": null,
        "lev3category": null,
        "brandsName": null,
        "specificationsDescription": null,
        "collectCount": null,
        "salesMoney": null,
        "totalShareCount": null,
        "totalShareSalesVolumn": null,
        "totalShareSalesMoney": null,
        "url": null
      },
      "isCollected": true
    }, {
      "id": "76387e59a9f840568bad7f478fdbd59b",
      "createTime": "2018-09-07 17:47:25",
      "updateTime": "2018-09-07 17:50:45",
      "deleted": false,
      "userId": "1",
      "linkId": "562e71d64d544373ae5618b016389847",
      "linkType": 1,
      "browseDate": "2018-09-07 17:50:45",
      "dateStr": "2018-09-07",
      "productPageDto": {
        "id": "562e71d64d544373ae5618b016389847",
        "createTime": "2018-08-29 17:29:01",
        "updateTime": "2018-09-04 17:41:05",
        "deleted": false,
        "barCode": null,
        "earlyWarningLev": 0,
        "skuDto": null,
        "productNumber": "",
        "productDateValidity": null,
        "supportRefunds": 1,
        "picsList": null,
        "fictitious": false,
        "fictitiousType": null,
        "categoryList": null,
        "categoryLev": "00090003",
        "spuList": null,
        "skuList": null,
        "seller": null,
        "picBase64": null,
        "salesVolume": null,
        "productCategory": null,
        "productSku": null,
        "productSpu": null,
        "productSpuAttr": null,
        "recommend": false,
        "commodityReleaseStatus": 1,
        "commodityReleaseTime": null,
        "shopGroupId": null,
        "commodityWeight": 4000,
        "sellerNo": "003",
        "earlyWarningValue": 500,
        "stagingNum": 9,
        "instalmentPrice": 1200,
        "costPrice": 1200,
        "sellerId": "da9fb0a3d9de40799fe90f77593b7e16",
        "shopId": null,
        "name": "平底锅222",
        "number": "p201808291729013",
        "mainPic": "https://gtmall.oss-cn-beijing.aliyuncs.com/java/pic/da9fb0a3d9de40799fe90f77593b7e16/2a6ebd51-58a7-4093-88f5-bc787c6c61d7.jpg",
        "pics": null,
        "description": "啊苏打水大多",
        "context": "<p>暗示着D阿萨德</p><p>阿斯达是</p><p><img src=\"https://gtmall.oss-cn-beijing.aliyuncs.com/java/pic/da9fb0a3d9de40799fe90f77593b7e16/80e291d3-b8ac-46f3-b897-cb62e4c77027.jpg\" width=\"100\"/></p>",
        "originPrice": 1900,
        "brokerage": null,
        "commission": 150,
        "price": 1200,
        "freightTemplateId": "e74833c451934354a87f7c78a7802c2c",
        "brandsId": "279af7dc0a5f49cca24dcecf5a4d3be2",
        "area": "4808a7134d7946cca725b2a786d78928",
        "stock": 999,
        "type": null,
        "limitNumber": 0,
        "status": "OnShelf",
        "approvalContext": "的双方各得",
        "approvalType": "1",
        "downShelfTime": null,
        "downShelfReason": null,
        "onShelfTime": null,
        "isGifts": null,
        "groupId": null,
        "categoryId": "b700f89b460547b9b9a7195c4845b130",
        "ratePercent": null,
        "shopCode": null,
        "shopName": null,
        "lev1category": null,
        "lev2category": null,
        "lev3category": null,
        "brandsName": null,
        "specificationsDescription": null,
        "collectCount": null,
        "salesMoney": null,
        "totalShareCount": null,
        "totalShareSalesVolumn": null,
        "totalShareSalesMoney": null,
        "url": null
      },
      "isCollected": true
    }, {
      "id": "76387e59a9f840568bad7f478fdbd59b",
      "createTime": "2018-09-07 17:47:25",
      "updateTime": "2018-09-07 17:50:45",
      "deleted": false,
      "userId": "1",
      "linkId": "562e71d64d544373ae5618b016389847",
      "linkType": 1,
      "browseDate": "2018-09-07 17:50:45",
      "dateStr": "2018-09-07",
      "productPageDto": {
        "id": "562e71d64d544373ae5618b016389847",
        "createTime": "2018-08-29 17:29:01",
        "updateTime": "2018-09-04 17:41:05",
        "deleted": false,
        "barCode": null,
        "earlyWarningLev": 0,
        "skuDto": null,
        "productNumber": "",
        "productDateValidity": null,
        "supportRefunds": 1,
        "picsList": null,
        "fictitious": false,
        "fictitiousType": null,
        "categoryList": null,
        "categoryLev": "00090003",
        "spuList": null,
        "skuList": null,
        "seller": null,
        "picBase64": null,
        "salesVolume": null,
        "productCategory": null,
        "productSku": null,
        "productSpu": null,
        "productSpuAttr": null,
        "recommend": false,
        "commodityReleaseStatus": 1,
        "commodityReleaseTime": null,
        "shopGroupId": null,
        "commodityWeight": 4000,
        "sellerNo": "003",
        "earlyWarningValue": 500,
        "stagingNum": 9,
        "instalmentPrice": 1200,
        "costPrice": 1200,
        "sellerId": "da9fb0a3d9de40799fe90f77593b7e16",
        "shopId": null,
        "name": "平底锅222",
        "number": "p201808291729013",
        "mainPic": "https://gtmall.oss-cn-beijing.aliyuncs.com/java/pic/da9fb0a3d9de40799fe90f77593b7e16/2a6ebd51-58a7-4093-88f5-bc787c6c61d7.jpg",
        "pics": null,
        "description": "啊苏打水大多",
        "context": "<p>暗示着D阿萨德</p><p>阿斯达是</p><p><img src=\"https://gtmall.oss-cn-beijing.aliyuncs.com/java/pic/da9fb0a3d9de40799fe90f77593b7e16/80e291d3-b8ac-46f3-b897-cb62e4c77027.jpg\" width=\"100\"/></p>",
        "originPrice": 1900,
        "brokerage": null,
        "commission": 150,
        "price": 1200,
        "freightTemplateId": "e74833c451934354a87f7c78a7802c2c",
        "brandsId": "279af7dc0a5f49cca24dcecf5a4d3be2",
        "area": "4808a7134d7946cca725b2a786d78928",
        "stock": 999,
        "type": null,
        "limitNumber": 0,
        "status": "OnShelf",
        "approvalContext": "的双方各得",
        "approvalType": "1",
        "downShelfTime": null,
        "downShelfReason": null,
        "onShelfTime": null,
        "isGifts": null,
        "groupId": null,
        "categoryId": "b700f89b460547b9b9a7195c4845b130",
        "ratePercent": null,
        "shopCode": null,
        "shopName": null,
        "lev1category": null,
        "lev2category": null,
        "lev3category": null,
        "brandsName": null,
        "specificationsDescription": null,
        "collectCount": null,
        "salesMoney": null,
        "totalShareCount": null,
        "totalShareSalesVolumn": null,
        "totalShareSalesMoney": null,
        "url": null
      },
      "isCollected": true
    }],
    "prePage": 0,
    "nextPage": 0,
    "isFirstPage": true,
    "isLastPage": true,
    "hasPreviousPage": false,
    "hasNextPage": false,
    "navigatePages": 8,
    "navigatepageNums": [1],
    "navigateFirstPage": 1,
    "navigateLastPage": 1,
    "lastPage": 1,
    "firstPage": 1
  }
}