{
  "httpCode": 200,
  "result": {
    "pageNum": 1,
    "pageSize": 10,
    "size": 10,
    "startRow": 1,
    "endRow": 10,
    "total": 36,
    "pages": 4,
    "list": [{
      "id": "",
      "createTime": 1527571730000,
      "updateTime": 1529913398000,
      "deleted": false,
      "canmodifiedtimes": null,
      "domain2name": null,
      "domain2nameModifiedTimes": null,
      "qq": null,
      "wangwang": null,
      "modifiedtimes": null,
      "shopBanner": null,
      "payStatus": null,
      "useShopCategoryApplyDtoList": null,
      "sellerUsername": null,
      "shopName": null,
      "shopLevelId": null,
      "shopLevelName": null,
      "shopOpenYear": null,
      "shopOpenTime": null,
      "shopCategoryName": null,
      "shopOpenDeposit": null,
      "shouldPayAmount": null,
      "businessCategory": null,
      "payVoucher": null,
      "payVoucherRemark": null,
      "shopCode": null,
      "shopLogo": null,
      "shopExpireTime": null,
      "state": null,
      "shopCategoryId": null,
      "shopZone": null,
      "linkmanName": null,
      "linkmanTel": null,
      "chargeLevel": null,
      "renewEndTime": null,
      "renewApplyTime": null,
      "validityPeriodBegin": null,
      "validityPeriodEnd": null,
      "settlementCycle": null,
      "shopAddress": null
    }, {
      "id": "0ae85bca5a604d0f975dfb181aa1f493",
      "createTime": 1535013036000,
      "updateTime": null,
      "deleted": false,
      "canmodifiedtimes": null,
      "domain2name": null,
      "domain2nameModifiedTimes": null,
      "qq": null,
      "wangwang": null,
      "modifiedtimes": null,
      "shopBanner": null,
      "payStatus": 0,
      "useShopCategoryApplyDtoList": null,
      "sellerUsername": "v20000",
      "shopName": "咩咩",
      "shopLevelId": "5a611d4924c24552a69b3e803d4112b6",
      "shopLevelName": "user",
      "shopOpenYear": 2,
      "shopOpenTime": null,
      "shopCategoryName": "test1",
      "shopOpenDeposit": 100,
      "shouldPayAmount": 20100,
      "businessCategory": null,
      "payVoucher": null,
      "payVoucherRemark": null,
      "shopCode": null,
      "shopLogo": null,
      "shopExpireTime": null,
      "state": 0,
      "shopCategoryId": "895b328c8bff40628ead3a117b627657",
      "shopZone": null,
      "linkmanName": null,
      "linkmanTel": null,
      "chargeLevel": 10000,
      "renewEndTime": null,
      "renewApplyTime": null,
      "validityPeriodBegin": null,
      "validityPeriodEnd": null,
      "settlementCycle": null,
      "shopAddress": null
    }, {
      "id": "1071a2b855324284b898e577f2acd16d",
      "createTime": 1527747405000,
      "updateTime": 1533195145000,
      "deleted": false,
      "canmodifiedtimes": null,
      "domain2name": "test1",
      "domain2nameModifiedTimes": 0,
      "qq": "17544945",
      "wangwang": "989889",
      "modifiedtimes": 2,
      "shopBanner": "www.baidu.com",
      "payStatus": 0,
      "useShopCategoryApplyDtoList": null,
      "sellerUsername": "v10003",
      "shopName": "QQ直充店",
      "shopLevelId": "5a611d4924c24552a69b3e803d4112b6",
      "shopLevelName": "user",
      "shopOpenYear": 2,
      "shopOpenTime": null,
      "shopCategoryName": null,
      "shopOpenDeposit": null,
      "shouldPayAmount": 20000,
      "businessCategory": null,
      "payVoucher": null,
      "payVoucherRemark": null,
      "shopCode": null,
      "shopLogo": "www.baidu.com",
      "shopExpireTime": null,
      "state": 0,
      "shopCategoryId": "fc9fc3b76da045e5bd8b1eacd558f3e0",
      "shopZone": null,
      "linkmanName": null,
      "linkmanTel": "13917275190",
      "chargeLevel": 10000,
      "renewEndTime": null,
      "renewApplyTime": null,
      "validityPeriodBegin": null,
      "validityPeriodEnd": null,
      "settlementCycle": 12,
      "shopAddress": null
    }, {
      "id": "171dd549dfe24affb313b9a4930b9130",
      "createTime": 1528264791000,
      "updateTime": 1534904704000,
      "deleted": false,
      "canmodifiedtimes": null,
      "domain2name": null,
      "domain2nameModifiedTimes": null,
      "qq": null,
      "wangwang": null,
      "modifiedtimes": null,
      "shopBanner": null,
      "payStatus": 1,
      "useShopCategoryApplyDtoList": null,
      "sellerUsername": "v90004",
      "shopName": "虚拟商品",
      "shopLevelId": "5a611d4924c24552a69b3e803d4112b6",
      "shopLevelName": "user",
      "shopOpenYear": 5,
      "shopOpenTime": null,
      "shopCategoryName": "test1",
      "shopOpenDeposit": 100,
      "shouldPayAmount": 50100,
      "businessCategory": null,
      "payVoucher": "https://gtmall.oss-cn-beijing.aliyuncs.com/java/pic/merchantEntry/2caf0b20-95de-4de6-8e30-7ee2b5a153d4.jpg",
      "payVoucherRemark": "asdasd",
      "shopCode": null,
      "shopLogo": "https://gtmall.oss-cn-beijing.aliyuncs.com/java/pic/merchantEntry/f3f9a5ee-0477-4ae1-bb85-d978a403b51c.jpg",
      "shopExpireTime": null,
      "state": 2,
      "shopCategoryId": "895b328c8bff40628ead3a117b627657",
      "shopZone": null,
      "linkmanName": null,
      "linkmanTel": null,
      "chargeLevel": 10000,
      "renewEndTime": null,
      "renewApplyTime": null,
      "validityPeriodBegin": null,
      "validityPeriodEnd": null,
      "settlementCycle": 1,
      "shopAddress": null
    }, {
      "id": "20bc8ecb9663469ab944da9522dc8f48",
      "createTime": 1534751225000,
      "updateTime": null,
      "deleted": false,
      "canmodifiedtimes": null,
      "domain2name": null,
      "domain2nameModifiedTimes": null,
      "qq": null,
      "wangwang": null,
      "modifiedtimes": null,
      "shopBanner": null,
      "payStatus": 0,
      "useShopCategoryApplyDtoList": null,
      "sellerUsername": "v16666",
      "shopName": "店铺测试名称",
      "shopLevelId": "a1a2204b16404ccc8346a21d6071ac30",
      "shopLevelName": "店铺等级2",
      "shopOpenYear": 1,
      "shopOpenTime": null,
      "shopCategoryName": "test1",
      "shopOpenDeposit": 100,
      "shouldPayAmount": 1300,
      "businessCategory": null,
      "payVoucher": null,
      "payVoucherRemark": null,
      "shopCode": null,
      "shopLogo": null,
      "shopExpireTime": null,
      "state": 0,
      "shopCategoryId": "895b328c8bff40628ead3a117b627657",
      "shopZone": null,
      "linkmanName": null,
      "linkmanTel": null,
      "chargeLevel": 1200,
      "renewEndTime": null,
      "renewApplyTime": null,
      "validityPeriodBegin": null,
      "validityPeriodEnd": null,
      "settlementCycle": null,
      "shopAddress": null
    }, {
      "id": "2673b46632f942ed98b504edf5b64b5c",
      "createTime": 1535013213000,
      "updateTime": 1535080820000,
      "deleted": false,
      "canmodifiedtimes": null,
      "domain2name": null,
      "domain2nameModifiedTimes": null,
      "qq": null,
      "wangwang": null,
      "modifiedtimes": null,
      "shopBanner": null,
      "payStatus": 0,
      "useShopCategoryApplyDtoList": null,
      "sellerUsername": "v19999",
      "shopName": "黄贱贱杀猪店",
      "shopLevelId": "5a611d4924c24552a69b3e803d4112b6",
      "shopLevelName": "user",
      "shopOpenYear": 10,
      "shopOpenTime": null,
      "shopCategoryName": "test3",
      "shopOpenDeposit": 0,
      "shouldPayAmount": 100000,
      "businessCategory": null,
      "payVoucher": null,
      "payVoucherRemark": null,
      "shopCode": null,
      "shopLogo": null,
      "shopExpireTime": null,
      "state": 0,
      "shopCategoryId": "b6a36739ef09431da6d636021c3307a0",
      "shopZone": null,
      "linkmanName": null,
      "linkmanTel": null,
      "chargeLevel": 10000,
      "renewEndTime": null,
      "renewApplyTime": null,
      "validityPeriodBegin": null,
      "validityPeriodEnd": null,
      "settlementCycle": null,
      "shopAddress": null
    }, {
      "id": "355f12888de2469d96c28bcdaca3d63b",
      "createTime": 1535013087000,
      "updateTime": null,
      "deleted": false,
      "canmodifiedtimes": null,
      "domain2name": null,
      "domain2nameModifiedTimes": null,
      "qq": null,
      "wangwang": null,
      "modifiedtimes": null,
      "shopBanner": null,
      "payStatus": 0,
      "useShopCategoryApplyDtoList": null,
      "sellerUsername": "v20000",
      "shopName": "咩咩",
      "shopLevelId": "5a611d4924c24552a69b3e803d4112b6",
      "shopLevelName": "user",
      "shopOpenYear": 2,
      "shopOpenTime": null,
      "shopCategoryName": "test1",
      "shopOpenDeposit": 100,
      "shouldPayAmount": 20100,
      "businessCategory": null,
      "payVoucher": null,
      "payVoucherRemark": null,
      "shopCode": null,
      "shopLogo": null,
      "shopExpireTime": null,
      "state": 0,
      "shopCategoryId": "895b328c8bff40628ead3a117b627657",
      "shopZone": null,
      "linkmanName": null,
      "linkmanTel": null,
      "chargeLevel": 10000,
      "renewEndTime": null,
      "renewApplyTime": null,
      "validityPeriodBegin": null,
      "validityPeriodEnd": null,
      "settlementCycle": null,
      "shopAddress": null
    }, {
      "id": "41106670d993479992da60ab9111cbd8",
      "createTime": 1528182782000,
      "updateTime": 1533195056000,
      "deleted": false,
      "canmodifiedtimes": null,
      "domain2name": "1111",
      "domain2nameModifiedTimes": null,
      "qq": "111",
      "wangwang": "222",
      "modifiedtimes": 1,
      "shopBanner": "https://gtmall.oss-cn-beijing.aliyuncs.com/java/pic/merchantEntry/fb690942-caee-41a4-b74d-da7719c9471f.jpg",
      "payStatus": 0,
      "useShopCategoryApplyDtoList": null,
      "sellerUsername": "v20001",
      "shopName": "小猪佩奇",
      "shopLevelId": "5a611d4924c24552a69b3e803d4112b6",
      "shopLevelName": "user",
      "shopOpenYear": 5,
      "shopOpenTime": null,
      "shopCategoryName": "test1",
      "shopOpenDeposit": 100,
      "shouldPayAmount": 50100,
      "businessCategory": null,
      "payVoucher": null,
      "payVoucherRemark": null,
      "shopCode": null,
      "shopLogo": "https://gtmall.oss-cn-beijing.aliyuncs.com/java/pic/merchantEntry/f81fc755-b69e-4605-806e-c804682b0998.jpg",
      "shopExpireTime": null,
      "state": 4,
      "shopCategoryId": "895b328c8bff40628ead3a117b627657",
      "shopZone": null,
      "linkmanName": null,
      "linkmanTel": "111",
      "chargeLevel": 10000,
      "renewEndTime": null,
      "renewApplyTime": null,
      "validityPeriodBegin": null,
      "validityPeriodEnd": null,
      "settlementCycle": 3,
      "shopAddress": null
    }, {
      "id": "42257aaea73b4b8f9e09379d5f9d1f7f",
      "createTime": 1527745461000,
      "updateTime": 1533194972000,
      "deleted": false,
      "canmodifiedtimes": null,
      "domain2name": "23456",
      "domain2nameModifiedTimes": null,
      "qq": null,
      "wangwang": null,
      "modifiedtimes": null,
      "shopBanner": null,
      "payStatus": 0,
      "useShopCategoryApplyDtoList": null,
      "sellerUsername": "v10003",
      "shopName": "百果园",
      "shopLevelId": "5a611d4924c24552a69b3e803d4112b6",
      "shopLevelName": "user",
      "shopOpenYear": 2,
      "shopOpenTime": null,
      "shopCategoryName": null,
      "shopOpenDeposit": null,
      "shouldPayAmount": 20000,
      "businessCategory": null,
      "payVoucher": null,
      "payVoucherRemark": null,
      "shopCode": null,
      "shopLogo": null,
      "shopExpireTime": null,
      "state": 0,
      "shopCategoryId": null,
      "shopZone": null,
      "linkmanName": null,
      "linkmanTel": null,
      "chargeLevel": 10000,
      "renewEndTime": null,
      "renewApplyTime": null,
      "validityPeriodBegin": null,
      "validityPeriodEnd": null,
      "settlementCycle": 5,
      "shopAddress": null
    }, {
      "id": "45a4797878bd4244b38c6a9a5c5c5707",
      "createTime": 1535014525000,
      "updateTime": 1535082907000,
      "deleted": false,
      "canmodifiedtimes": null,
      "domain2name": null,
      "domain2nameModifiedTimes": null,
      "qq": null,
      "wangwang": null,
      "modifiedtimes": null,
      "shopBanner": null,
      "payStatus": 1,
      "useShopCategoryApplyDtoList": null,
      "sellerUsername": "v20000",
      "shopName": "多次还u",
      "shopLevelId": "5a611d4924c24552a69b3e803d4112b6",
      "shopLevelName": "user",
      "shopOpenYear": 2,
      "shopOpenTime": null,
      "shopCategoryName": "test1",
      "shopOpenDeposit": 100,
      "shouldPayAmount": 20100,
      "businessCategory": null,
      "payVoucher": "https://gtmall.oss-cn-beijing.aliyuncs.com/java/pic/merchantEntry/a4e16ed0-1b81-42bf-9d0f-f647845dc604.jpg",
      "payVoucherRemark": "",
      "shopCode": null,
      "shopLogo": null,
      "shopExpireTime": null,
      "state": 1,
      "shopCategoryId": "895b328c8bff40628ead3a117b627657",
      "shopZone": null,
      "linkmanName": null,
      "linkmanTel": null,
      "chargeLevel": 10000,
      "renewEndTime": null,
      "renewApplyTime": null,
      "validityPeriodBegin": null,
      "validityPeriodEnd": null,
      "settlementCycle": null,
      "shopAddress": null
    }],
    "prePage": 0,
    "nextPage": 2,
    "isFirstPage": true,
    "isLastPage": false,
    "hasPreviousPage": false,
    "hasNextPage": true,
    "navigatePages": 8,
    "navigatepageNums": [1, 2, 3, 4],
    "navigateFirstPage": 1,
    "navigateLastPage": 4,
    "firstPage": 1,
    "lastPage": 4
  }
}